Timestamp,Hour of Day,Day of Week,Is Weekend,Is Holiday,Season,Week of Year,Month,Historical Electricity Load,Peak Load Indicator,Load Sector Type,Transformer Load Level,Voltage Level,Current Level,Power Factor,Region ID,Demand Response Signal (Binary),Grid Frequency (Hz),Solar PV Output,Wind Power Output (kW),Solar Panel Temperature (°C),Wind Speed (m/s),Wind Direction (degrees),Inverter Efficiency (%),Battery State of Charge (SOC) (%),Battery Discharge Rate (kW/h),Renewable Forecast Error,Curtailment Event Flag,Temperature (°C),Humidity (%),Solar Irradiance (W/m²),Cloud Cover (%),Rainfall (mm),Snowfall (mm),Visibility (km),Weather Condition,Atmospheric Pressure (hPa),Dew Point (°C),Smart Meter Reading per Building (kW),Building Type (Encoded),Building Occupancy Rate (%),Public Transit Operational Load (kW),EV Charging Station Load (kW),EV Charging Session Count,Traffic Congestion Index,Human Mobility Score,Region Urban Density Index,Construction or Maintenance Activity Flag,Time Since Last Peak (hours),Time Until Next Predicted Peak (hours),Region/Zone ID,Latitude,Longitude,Altitude (m),Distance to Nearest Substation (km),Area Type,Electricity Load,Renewable Energy Load,Net Load,Curtailment Risk / Surplus Flag
2021-01-01 00:00:00,0,4,0,0,1,53,1,192.97664589528995,0,Industrial,62.317061231330015,224.87221869465856,0.858161346099058,0.7205898338772001,R1,0,49.97117113214502,26.711357275873787,89.95593573560895,38.65686006788562,9.210551464960076,320.76687754385176,90.17471668573782,46.85454001115373,15.895622764483766,1.5613147884557947,0,27.75168990522964,26.75272826542885,298.5484928022644,66.80865647606696,0.0,0.0,13.044266231537128,cloudy,1016.7299888933773,24.650709686991902,0.9706051294664172,0,97.94275001538944,9.060357069293788,6.409194949933246,1,88.82398598682228,63.53557531689506,35.747451952266445,0,10.039662155421262,4.196234361298964,ZoneA,35.00984180463772,-105.51861709741044,225.15438659550423,0.5992922592900517,Suburban,209.5781655216392,116.66729301148274,92.91087251015648,0
2021-01-01 00:30:00,0,4,0,0,2,53,1,709.4172921729792,0,Residential,92.56790162782544,233.0704643620997,3.04378889926964,0.9324486373933558,R1,0,49.9323627721298,9.158357258724124,31.444883173049103,47.23132784397553,0.1931314443467118,298.83043115777764,92.68888682229807,34.29766542210903,2.4258421066950047,-7.721824140263514,1,36.734599229437336,5.300440476141191,18.78103354418363,41.47838317711936,0.0,0.0,10.119275420292348,sunny,1016.8000757074444,35.58674131913045,5.110605236071259,1,87.02251522594955,5.317388788116876,4.710541663679662,2,53.54221453613093,60.183994331089934,49.96358038041532,0,1.0661227801224564,7.411648147399346,ZoneB,37.06713586855105,-120.63475504760044,556.3051132746762,6.022214903534005,Urban,711.3294363913105,40.60324043177323,670.7261959595373,0
2021-01-01 01:00:00,1,4,0,0,2,53,1,441.32376195073215,0,Commercial,60.737648543741926,235.09812160996336,1.8771896556575,0.8334381391911827,R3,0,49.91459273508836,28.97280421144844,16.262761317933926,42.56117089466324,2.7198058160005707,338.61591910374267,91.64676455827896,28.056109279062685,2.8361804741770085,19.499594281514256,0,9.081234951248655,39.86976457898592,73.67987098386756,58.02943636842547,0.0,0.0,7.439478449688945,sunny,1026.0643237265112,8.523224274524422,0.1087512567558012,0,58.72527354840514,4.195129131687203,10.279706974759122,1,76.86393038107913,59.71572149762396,23.22403610554921,0,3.476413094943084,2.0072913810221187,ZoneB,39.95276384149578,-114.19838645675893,432.50056139366177,0.3114983506817249,Suburban,434.571941347145,45.23556552938236,389.3363758177626,0
2021-01-01 01:30:00,1,4,0,0,1,53,1,110.06105309120348,0,Residential,60.99385323418507,224.63257133951535,0.4899603491821958,0.6358010318828226,R1,0,49.73610497452926,50.747398325673,165.38562677631987,32.24127397247919,0.0931336486750494,238.2325273549302,88.54296696630817,73.20145000506498,7.1822700706069496,-31.02273838005182,0,8.856864664268429,24.7102359460259,110.3490766032446,61.01634279875662,0.0,0.0,15.0,cloudy,1012.320186644628,7.151669825050973,0.2647602348845734,0,77.14776849144685,25.09323247380308,6.270417553437062,2,90.7196559788861,51.8026986281203,38.341419968730925,0,6.084340514271417,7.722008714160493,ZoneA,44.17976468157031,-78.5048946787999,12.658897059225838,2.689434865204511,Urban,119.91343024106784,216.13302510199287,-96.21959486092504,1
2021-01-01 02:00:00,2,4,0,0,2,53,1,741.1307170014301,0,Residential,71.96547253518304,232.1217748160565,3.192853051329349,0.6798045917205642,R1,0,50.36065564172886,12.410062353755324,308.19915648046026,45.32920206400561,7.813270272257354,2.285124635246065,90.615411562763,66.11660841263478,0.8385845679083451,8.56238737528201,0,13.78226120372088,12.330477028212176,605.3632640955171,26.74875170044572,0.0,0.0,10.87735573524628,cloudy,1018.6864349983166,10.255275492328437,0.775192172910339,1,98.29993766019668,39.60141131415731,26.05543711566764,5,50.75732157633514,60.74745384278499,28.073839405962094,0,7.606315583743121,4.256407470772169,ZoneA,29.23279945232708,-74.47289099371953,477.1917822277606,6.3825298932746914,Rural,747.7466182003815,320.6092188342156,427.1373993661659,0
2021-01-01 02:30:00,2,4,0,0,2,53,1,998.4140586859768,1,Residential,100.0,227.45105857819544,4.389577542206654,0.5918601981597484,R3,0,50.14435845815873,70.27234246227961,123.98141603773487,35.584641645468416,18.511149252009464,49.16582372308445,93.14369512192349,6.999951747330657,9.198453250468132,2.0681069910224714,0,27.874032270314988,39.36892189648143,38.74451616374825,63.01156242506901,0.0,0.0,9.280845008069903,rainy,1016.8525114425564,26.454176266906604,2.151313205987039,2,91.71822985687427,27.14312726778016,12.243120304382554,1,73.91442434013061,32.323838333226504,67.66247836439749,0,6.948159049610836,11.027124194294052,ZoneA,25.69285435032444,-87.43090489747283,120.3432544165141,4.7476902417842926,Urban,994.3877521259086,194.2537585000145,800.1339936258942,0
2021-01-01 03:00:00,3,4,0,0,2,53,1,796.1475981810199,0,Residential,47.19079125534961,231.9634748912726,3.432211034751033,0.8856732952420079,R1,0,50.23149756049277,14.415362609312629,35.95606858495478,26.5341818636956,20.517340986727884,119.94583442372384,90.38110593272285,41.58436120819906,4.096970123321494,19.856633365232973,0,24.890056456683997,8.729795509091133,289.3122874408897,40.32783846076892,0.4162744007572233,0.0,11.058928130983883,sunny,1010.6816329718428,23.326307654687056,0.3604517704797512,1,87.37401400561029,0.0197664012748416,4.875902909150128,3,59.39891775089917,58.11802478164828,58.32368849909667,0,3.865130652203303,1.2480166869031248,ZoneA,41.29762517641618,-108.09514286015666,201.89724691838592,0.3210917286319818,Urban,800.3485793597972,50.3714311942674,749.9771481655298,0
2021-01-01 03:30:00,3,4,0,0,3,53,1,447.1588688771913,0,Residential,38.93146492842881,228.8585332128255,1.9538658340581028,0.831435838317283,R1,0,50.3688829701412,47.66030788578445,7.685903547534699,48.60997712166112,5.313076493896451,99.92880918246676,94.37439071990435,13.828192791229588,60.04500767741505,5.115843906741358,0,12.972487155892653,12.203597305329987,702.9799899193284,34.48297415002707,0.0,0.0,11.707881647101155,sunny,1009.8454201726312,11.203540309237232,2.455927957761758,1,75.00430813324537,4.15538746632055,37.33888821014545,1,65.1879973230894,100.0,19.672955214277906,0,12.416704593981756,2.584086040633945,ZoneA,25.093628778413965,-66.9993067472645,23.556314591512685,0.8973839147205303,Urban,428.7436225490613,55.34621143331915,373.3974111157422,0
2021-01-01 04:00:00,4,4,0,1,1,53,1,385.39808436640806,0,Residential,28.90746272136375,232.10239488624336,1.6604657808692456,0.9162507873212936,R1,0,49.71095369288587,72.16459960674212,147.16698352326068,49.1236225613724,2.439756463776844,31.96690299436051,89.14071663566959,20.77611343274168,6.903832168299157,7.36181853460117,0,37.53119549057267,26.372052320022416,256.85377183502345,27.859427677555114,0.0,0.0,6.372149679644345,cloudy,1013.1102092547692,33.00691961228423,0.1236174612335569,0,93.68116496456008,13.473739443220095,12.557450977104786,2,77.74833747965556,69.05111468083153,82.56605722848236,0,0.9920193323199272,3.0630350357251728,ZoneC,39.068587199307736,-122.65989071434682,81.88152973320643,1.2901653992996784,Suburban,393.8048882635164,219.3315831300028,174.47330513351363,0
2021-01-01 04:30:00,4,4,0,0,2,53,1,719.7339231495198,0,Residential,63.26458723411035,225.1448732476877,3.1967591034494567,0.8206251381177325,R2,0,49.83157389915376,4.9129359397588575,30.792425301917326,24.325598639586712,2.074947971818622,44.94305016272304,93.63429313566849,16.742309887991535,9.80407832889617,18.96923233423747,0,17.963253268236585,39.92354876385109,411.2540948171888,64.39566983955119,0.0,0.0,8.411394689715602,sunny,1017.2122325794068,17.371086032849455,2.29659476414084,0,58.12634887981002,45.593984443316,3.275348457135374,1,78.65706320768652,20.83838080244835,34.71262548386248,0,2.400626329034844,0.5655843429467476,ZoneA,43.49689715011298,-80.16108968050145,397.3279633354576,4.175480816498674,Urban,718.0324297619002,35.70536124167619,682.327068520224,0
2021-01-01 05:00:00,5,4,0,0,2,53,1,470.8290637771636,0,Residential,53.15418187416444,227.64233368138517,2.068284295644894,0.8797784965526091,R1,0,49.878898589263,6.589412931894032,76.49462513921635,20.374092110178932,12.174068440984222,197.02532316671272,90.25585813815762,15.73998690061952,2.784895383756373,-11.004390506233538,0,39.95989077398051,50.34179342964039,667.8406300703397,46.9506239922498,0.0,0.0,11.073285399935006,sunny,1028.7376438762358,39.39235474710459,0.546340218516781,0,48.23481732739602,15.333056811508769,16.57962151301767,5,58.90558633825928,31.26274406045553,53.56953756282543,0,4.498612955472808,5.17177265523946,ZoneA,39.2435459211236,-100.18272576654644,284.9041042398724,0.6644429093171814,Urban,467.77370587555976,83.08403807111038,384.68966780444936,0
2021-01-01 05:30:00,5,4,0,0,0,53,1,106.39609659928968,0,Industrial,69.65573581252072,226.9988406479626,0.4687076651827148,0.8833592157207465,R2,0,50.155328951404506,44.56402429522873,37.29532106875101,28.85472069545074,5.125087472909415,208.2169706109357,93.73767988044158,43.81466616622276,22.39173532760732,31.26850049893728,0,31.85518076642793,51.68331503114669,701.8175629672438,96.64274163050818,0.0,0.0,7.784385999569038,rainy,1003.8442178232358,29.22818800964495,0.2137430649617656,1,43.87479138464608,12.971625587322926,20.994039082930623,2,53.91220675010684,78.39407714550941,46.07976168564908,0,1.7640444973690392,11.306027924615345,ZoneA,36.77461426852624,-117.28566966228006,22.717239623576518,4.299045931198084,Suburban,134.88434426973836,81.85934536397974,53.02499890575862,0
2021-01-01 06:00:00,6,4,0,0,0,53,1,491.7080932981934,0,Residential,93.66691265412511,230.16010402630016,2.1363741356408426,0.7260879075400559,R1,0,50.16448482666088,137.7873668790361,22.236358624635013,21.4407791684614,6.041126169553409,129.70098610111953,94.60513183715848,46.00196860914502,1.8794195543166548,3.015653894704064,0,6.521184604759345,18.163691364826096,603.9662602540983,47.35373058107072,0.0,0.0,5.102821229097495,cloudy,1011.709334618984,5.64521935912241,0.6207637711861898,0,96.2969654660748,4.730057251098712,17.72095354809963,1,80.73353172690216,27.19779922130901,66.01380382359837,0,1.6622816764988702,0.9506924331257316,ZoneA,40.51131382258664,-69.1372875211755,10.540244309739744,4.846464089802304,Urban,513.8680788830719,160.02372550367113,353.8443533794008,0
2021-01-01 06:30:00,6,4,0,0,1,53,1,366.3253141087176,0,Commercial,43.95111793205083,229.1640089125404,1.5985290004615182,0.9539465541332572,R1,0,49.60411237008829,35.35803804597902,67.85003786345416,47.032064687649736,4.659103004009189,336.41003250997954,88.01329496017773,49.94947561335428,4.098152909796421,-7.813243776565279,0,18.86342740333429,13.59276245278654,77.31751403266225,56.13459397605784,2.146901268438845,0.0,8.849418060108727,sunny,1004.4802613300676,15.935607730221127,7.717056364756267,1,45.292815518979744,20.03394637135041,17.550400408767622,5,76.78059890455499,99.72503508473416,76.73545938160828,0,5.471489684827975,3.902458837676553,ZoneB,28.849361462221605,-110.632721190951,79.13859928026798,2.370215366131255,Rural,305.75465937894086,103.20807590943318,202.54658346950768,0
2021-01-01 07:00:00,7,4,0,0,2,53,1,669.6570862063483,0,Residential,63.54307567239733,235.40773335723716,2.844669020240413,0.7107419960026679,R2,0,49.86062135553066,28.117148096378287,47.14989702462167,30.602200120710386,2.00643906023354,122.9249639933132,90.46196791111164,19.941163662514004,23.63480400597476,-7.766640600133654,0,23.044491723685585,26.340845272427067,109.1524673084148,49.710711405187695,0.0,0.0,2.2614198719613032,cloudy,1007.4573829553192,22.36154861307288,0.4643231413437049,1,96.85988658356705,4.416885170614945,9.971450392336076,1,31.15569010607068,27.11888922590152,59.7090651383176,0,6.788767690916094,3.7632514100276175,ZoneB,32.89746686726525,-88.23243816390601,73.79206694970723,0.5249372553041523,Suburban,659.2125066878938,75.26704512099995,583.9454615668939,0
2021-01-01 07:30:00,7,4,0,0,1,53,1,467.1146141809046,0,Residential,55.28678602251442,227.65768943951431,2.0518288458910625,0.6924906214310069,R3,0,50.02510665431849,40.6725278775265,237.3030260811846,28.913336152892825,2.4865793992120784,159.57037030526843,90.71973296573788,46.95097975187805,9.638380561074024,-13.154703607090116,0,29.985180905461878,30.39334235721579,91.15396727576692,66.14284110969038,12.601328948665756,0.0,8.456179491999086,sunny,1001.1284353441242,29.599023655083588,0.5003854513395809,1,87.00054826299404,11.535003018311931,7.774000121922548,2,72.73461953630587,64.47491937579237,64.96264178800777,0,14.421021252651848,4.774870168121883,ZoneA,38.634068672222895,-94.84255528318496,30.60135858187549,9.534072891311922,Urban,461.4437274722834,277.9755539587111,183.4681735135723,0
2021-01-01 08:00:00,8,4,0,0,1,53,1,370.75589264956176,0,Industrial,47.161091257652416,227.92400511659585,1.62666452118503,0.6554316535419771,R3,0,49.73886868682398,5.769061940464166,111.3198295136048,23.453215601167575,3.5853407147355143,201.73404112609236,92.38954525968072,18.87141191597198,2.0234148207007583,-34.72422693445939,1,37.92476790466585,40.46504979059215,98.82295796017289,34.90825965003778,0.0,0.0,5.595340882671796,sunny,1024.7254292093587,36.92129249608771,2.236707964199025,0,75.81446372817528,1.531293520710193,3.9685635759683615,2,88.40588211939752,22.86403708792381,64.33699324502646,0,13.13088363706272,5.40368830259701,ZoneA,36.166932937482805,-123.72687935496506,106.52277206375828,5.815663791329933,Suburban,368.8671590991157,117.08889145406896,251.77826764504675,0
2021-01-01 08:30:00,8,4,0,0,2,53,1,601.9025560075111,0,Residential,82.86420766419849,225.9820764160933,2.663496882377733,0.756551438274008,R1,0,50.05072362939232,46.48897103566716,12.182175785228011,23.27928142552908,1.6199437935108172,187.8500544887072,92.62327962526196,24.74775236011611,7.427753619876407,-23.104326163921563,0,7.389027805863829,31.045230743807146,17.973079257893286,45.285806299691714,0.0,0.0,4.494515472367706,sunny,1016.7125948190552,7.18023775433808,3.3239105085584457,0,88.82758651549683,20.87494454646765,3.6671306936767016,2,87.65137930736707,16.48231970598851,79.96843221489365,0,2.9659109064923204,3.73486511147108,ZoneA,34.41110249996698,-105.25653787265657,137.9396116455623,4.207087716444754,Urban,599.2726236309378,58.67114682089517,540.6014768100426,0
2021-01-01 09:00:00,9,4,0,0,1,53,1,167.8178145724624,0,Residential,28.883649409021764,230.7502929309196,0.7272702124920055,0.7291592883471142,R2,0,49.97481912656325,45.7985371905149,104.56563227433575,27.696330875737907,1.111743344358336,175.90319492718197,93.99480627168144,5.077427317976278,0.4547393804833795,1.4531244955529004,0,22.455710480850424,17.281778440745068,423.2948728395146,23.110064617403392,0.0,0.0,13.311865576620749,cloudy,1010.5471039720528,21.00673229324995,0.2726273456503478,0,97.82637904361258,61.98014981290428,12.470742766357256,3,82.36532760480124,80.0695474987103,80.34691542333421,0,1.599041370976246,3.109524230477395,ZoneA,32.39583590113798,-84.00884232162325,748.9888235243626,3.1337094654104733,Urban,175.6346806202371,150.36416946485065,25.27051115538646,0
2021-01-01 09:30:00,9,4,0,0,0,53,1,700.0266354299066,0,Residential,89.20760592313991,228.8708053122746,3.058610443891174,0.9486794814434168,R1,0,49.947110757200974,11.347937601235431,62.68923039977497,51.79937814167461,15.111463184492758,301.9368549817244,91.0316943293344,36.81024101945584,10.48319503976557,5.590978062175601,0,25.44248776538757,3.1559868055939995,353.19297327901364,50.76888279035997,0.0,0.0,10.86159644442601,cloudy,1016.5926039902196,21.46363484967288,0.7442831181798267,1,92.2564473985596,2.633889238207809,1.1331747735522542,4,89.49575111731824,1.271080453812807,16.01210125339973,0,0.5553999340759784,10.40592191646125,ZoneB,39.26250843568692,-65.52162937378154,54.56846776487798,1.6195488693965656,Urban,703.6340344719049,74.0371680010104,629.5968664708945,0
2021-01-01 10:00:00,10,4,0,0,0,53,1,325.71184419511616,0,Residential,65.30577031100194,229.28202976218805,1.420572927293715,0.8452649692016408,R1,0,50.2104704397153,25.781749032600334,36.483640339948366,20.33667366788912,0.9415649339702392,260.28616199393264,92.04220744045617,54.67256249636839,20.4583598408793,-11.1993783928926,0,23.452499354009944,34.52059095590453,161.88181484056156,25.903623667704142,0.0,0.0,8.184064155641762,rainy,1023.49088465194,23.23128231537504,0.8658771937732883,0,89.27935243721089,9.12648269856224,4.564347777568477,1,70.08145518737268,49.41356817122211,18.758888978159508,0,0.1185445972837275,5.62203938522755,ZoneA,37.45551037210648,-121.5054693176682,601.9290166016194,0.2455821067548025,Suburban,336.25998951919223,62.265389372548704,273.9946001466435,0
2021-01-01 10:30:00,10,4,0,0,2,53,1,554.4132747988524,0,Commercial,80.81765760368418,227.77303522817957,2.434060178560863,0.8046651157289961,R2,0,50.00409330124748,27.01906739944688,123.74772511512744,47.66859460355278,3.380276784165679,129.8480189848447,91.17430528097648,61.21615738992362,0.6678073587833909,-49.24273550626752,0,9.44258302699465,37.65687000821073,564.7268182326964,52.34162358706767,0.0,0.0,10.440083088326386,rainy,1012.220582313746,9.474516548456126,0.1533277706080696,0,66.80895188222686,9.57781523168934,6.19166548776216,6,27.80116435577772,55.91919663875815,31.37805811311113,0,4.855018106180311,8.26122917934186,ZoneA,32.06710226740467,-95.5134651524257,59.452638180442094,0.248752221145036,Rural,585.0640542213149,150.76679251457432,434.2972617067406,0
2021-01-01 11:00:00,11,4,0,0,2,53,1,276.4573780788426,0,Commercial,60.44496288538842,220.7234305157525,1.2525058052643507,0.7265621352022494,R1,0,49.90041163152361,0.7459826838817774,94.80801563674822,45.08305766365541,1.135879554075088,178.2629924327931,92.6527948622367,31.19796273745094,9.452741128365174,67.90786911623252,0,20.246491771128888,35.459768831349486,41.11739851219206,53.78160267633169,4.601369942649215,0.0,7.044060774285601,cloudy,1010.2043649950645,16.427561172711094,3.215183109598155,1,72.93323585486024,20.804213712890977,11.892349650629804,2,88.80548651238908,69.2224693814992,80.5129727972452,0,0.2863489786739368,3.66769305817656,ZoneA,25.29905112877029,-68.86107269873143,504.5193621776684,5.991098844271057,Urban,256.12967968067204,95.55399832063,160.57568136004204,0
2021-01-01 11:30:00,11,4,0,0,0,53,1,1213.6499877010838,1,Residential,22.330821887889883,232.45523034390573,5.221005291666486,0.6901193484956795,R1,0,50.27531781898392,6.689362762455634,94.08714213671811,43.05298014260634,0.0332662293900102,153.09111698849625,90.03168193929274,21.551342985622853,24.32788406935273,5.541575738341705,0,29.128073183604336,9.767879992823971,30.80197939517933,70.36714939477154,0.0,0.0,8.37919842947493,cloudy,999.68238565291,27.731356658020715,6.61059771734026,1,90.58362967038364,27.051886977885783,9.279221029201564,2,98.79297289001858,31.994532811001964,60.755250774921,0,0.5235824887965689,2.914695809231633,ZoneA,41.02854407354424,-69.3138117410584,47.62336685366108,2.071202988342076,Suburban,1228.011370653859,100.77650489917374,1127.2348657546856,0
2021-01-01 12:00:00,12,4,0,0,0,53,1,390.3772032940529,0,Commercial,32.23743314049677,224.32829089920824,1.7402049546637486,0.7077173271767443,R2,0,50.0070168020988,119.03302192305593,28.61519457733172,34.2770546646622,4.213749310477205,199.2768966727628,95.0310928906188,31.10449673286281,9.606238683918926,-1.6443217820151648,0,5.799686137613433,33.164447604236024,18.163493217368053,43.29906425454764,0.0,0.0,10.082928003500523,cloudy,1006.8626740192244,5.370761586914782,0.3255813982903147,0,94.12696787301618,10.245333026736844,0.5979517554036576,2,76.82245046131685,44.54040631730752,56.54095427672704,0,18.535731875858858,0.3065469606295097,ZoneA,41.94590372238769,-69.81988257087727,188.1075589988932,4.165057331944785,Rural,374.5815976280041,147.64821650038763,226.93338112761649,0
2021-01-01 12:30:00,12,4,0,0,1,53,1,229.06116264198343,0,Commercial,63.80126594693043,228.5662611762013,1.002165242863209,0.9055893904557124,R2,0,50.3485875346925,174.96772245952025,88.21677456141478,20.832992613812078,18.073122674471527,91.8142339558464,93.59608265001285,14.480842895409577,7.157505900544441,-4.217872613811037,0,22.730260401211243,30.237909305289683,0.9904289652120436,52.66787398292663,0.0,0.0,6.750300457411339,sunny,1009.4494621936632,19.19511645641156,3.2667463444294147,0,60.034096645017286,2.924340721890476,12.724077222444802,5,89.89875526720023,71.59945479450323,82.13357907108266,0,12.009277875170056,17.287294483781704,ZoneB,37.52797646873709,-68.299050136039,18.430751808013863,0.5464390474816496,Suburban,247.1405790662152,263.18449702093505,-16.04391795471986,1
2021-01-01 13:00:00,13,4,0,0,1,53,1,175.31913128151788,0,Residential,59.70998208895335,232.93098839226815,0.7526655533967475,0.8834893774271562,R2,0,50.24316508540491,69.76913195463968,6.865302168834146,38.84217029937852,5.116718005680784,91.8456754525487,92.20883239113915,21.67821978716569,2.933214981677285,2.003477165669431,0,15.672012877989712,46.63168900871242,160.44532650228294,24.24385134297821,0.0,0.0,10.98725409300424,sunny,1015.339763872658,13.174245582675386,1.4444942201375512,0,96.14286078161994,6.141965285523478,2.4337843462967665,2,75.12793154799029,4.409724950695846,53.54508511547989,0,1.65358109629749,0.8194330651898153,ZoneC,27.80247761183786,-122.2676291437763,456.8308232133616,13.089076991483102,Urban,146.25015648070422,76.63443412347382,69.6157223572304,0
2021-01-01 13:30:00,13,4,0,0,0,53,1,464.6067154509055,0,Residential,85.55799627056021,228.7632833856641,2.0309496724071803,0.8058053830511842,R2,0,50.08309716575511,13.234569164197971,223.05996819412937,59.202361741898585,4.793819094502531,149.6736668584028,91.0408297509277,34.16302897737769,37.98382538799418,0.4543287140640855,0,27.278443337348374,32.135934963005546,655.3912238394381,84.58046893818083,0.0,0.0,7.811481005641247,cloudy,1011.433892706826,24.883501796723795,0.1330537287180419,0,61.59721242077221,15.930422702639486,5.924903174895393,3,79.7918436756409,57.61245751295838,81.28891480561113,0,4.947915583450544,5.307197736688824,ZoneB,25.95268498965157,-78.19469209199737,434.9851091015713,2.5821042572961077,Suburban,461.8463907952541,236.29453735832732,225.55185343692676,0
2021-01-01 14:00:00,14,4,0,0,0,53,1,818.2917346723258,0,Residential,48.066947252812064,237.34922470031628,3.447627586336225,0.9636245416339276,R2,0,49.98378245865533,7.889613413988601,63.43823603257714,44.83478813536402,5.199799958359197,152.60505849771545,94.39589504939694,23.50316130684281,48.15182903040797,13.737710570463875,0,33.826668679064284,31.88076224423072,164.7382018991707,70.82950475597193,0.0,0.0,10.75288182141125,cloudy,1019.583995608977,31.26217051396444,1.3952085938336636,1,81.83937238521139,10.599403894945056,14.680282868294112,3,79.72514142337765,38.33360130870811,17.525776057124155,0,4.0217979426751125,0.5129260819641372,ZoneC,33.933970753291895,-70.84987997095797,187.4095762208041,5.815261411959406,Urban,827.5583068786688,71.32784944656574,756.230457432103,0
2021-01-01 14:30:00,14,4,0,0,2,53,1,489.6492803929453,0,Residential,56.120348488448045,241.47015490054105,2.0277838501185643,0.7326606273254544,R1,0,49.77330482624112,115.9896516834995,34.91013489186599,40.75508541809281,16.536876845719316,185.000439810547,93.9754326453688,23.44090508719493,2.1910078774772046,17.130090414995923,1,-0.5021299137062449,27.399021469788188,48.34057423016733,34.27267317940673,0.0,0.0,8.699188414369662,sunny,1007.6113104377082,-1.6987659041599676,2.1420228616833312,1,89.53220352131392,7.947726808941887,41.760711221331455,2,46.51400888259169,66.76692529306703,71.58414441450985,0,0.2062079252847261,10.877918965650736,ZoneA,34.73203564406707,-94.48103152454112,1.6722164753437805,1.3380036872756154,Urban,488.0787891697375,150.89978657536548,337.17900259437204,0
2021-01-01 15:00:00,15,4,0,0,2,53,1,944.9879116351024,0,Residential,55.4124404540247,228.6487079888761,4.132924782068205,0.8009608917084516,R3,0,50.127273268279815,57.85765321188007,17.519967391736632,38.04050162875862,1.0235495176169174,188.4301121730053,95.0974812579826,41.87395671649842,7.636326139465739,-17.682467143779192,0,20.59062649441936,49.97093558308418,425.37673475838267,56.949078123728405,0.0,0.0,10.15560836747682,sunny,1021.799433336617,17.836811267770017,0.1298887102679345,0,48.49899600843092,0.9958201425079858,2.162687717970352,3,93.27284123602205,56.14539140620919,79.52714738075125,0,10.103509320515249,1.9642688994175488,ZoneB,38.89545764537301,-90.50283050848144,638.2458982838276,1.27740553941113,Urban,927.2296997248748,75.3776206036167,851.8520791212582,0
2021-01-01 15:30:00,15,4,0,0,2,53,1,719.2529113305752,0,Residential,75.85268831941406,223.3289917600575,3.2205980319086094,0.7605322355522763,R2,0,49.98725116349818,42.46130547345373,260.63033352276915,34.000378969525975,1.138174811758984,333.79282926889005,93.35487616133902,17.124449844995247,44.537947874706624,4.910013656761088,0,23.60197652689844,24.14872142488065,345.173119148927,29.06139075941598,0.0,0.0,7.379323894371653,sunny,1001.6339310612224,23.712471373827796,1.7818230215227455,0,95.34860253390364,4.910173422310429,3.920817714945492,0,46.67476674712815,74.20964486811673,83.19199182884577,0,2.665776633169897,15.997743589789426,ZoneB,26.3661302491768,-77.41854349975239,76.73181886285973,2.6738644566216685,Urban,726.7893930255707,303.09163899622285,423.69775402934783,0
2021-01-01 16:00:00,16,4,0,0,2,53,1,231.09670696959327,0,Commercial,51.63198898938072,228.845148835318,1.0098387846355248,0.7152233501333345,R1,0,50.04651140155249,41.32108644926751,76.50285606420168,42.14419547630408,3.2581455941396125,263.931238628411,94.81393768898704,49.0773585706754,8.439209711038526,13.01883198219169,0,23.02556695783772,58.64902228025103,312.68539667124406,21.528970515826774,0.0,0.0,11.021585832160223,cloudy,996.533733759786,20.145075586119475,3.105164204905476,0,62.758749695134455,8.220766576701,27.661198146220656,6,93.4772591329487,8.46521523539144,60.72791779174942,0,14.796931864296084,3.4037646047601906,ZoneB,36.89464454949119,-74.00705221699202,3.565009983607559,0.4880760549446603,Urban,263.1422848819065,117.8239425134692,145.3183423684373,0
2021-01-01 16:30:00,16,4,0,0,2,53,1,657.576763165719,0,Industrial,93.03273939491972,234.8243286137308,2.800292316591207,0.6346703423096084,R1,0,49.97608282105966,52.45845801959996,93.1405234332966,38.2245592339591,1.1974620499240376,191.9002878325629,96.67544887289787,31.032858655005363,61.72951773241963,31.99364600503789,0,30.815428251825097,26.14933761407125,356.45435567465546,50.96098261287907,0.0,0.0,9.220162342597806,rainy,1008.3567563674178,27.500907800632447,0.0289503691476062,1,81.49546259560779,5.226339691257151,6.944442226478392,6,89.72030748661982,56.64246047168879,20.498535530476143,0,10.511851566320038,3.20324440733363,ZoneB,36.77666895988202,-111.56633868400178,23.11664812305336,0.1623832437301786,Urban,647.7880434530266,145.59898145289657,502.1890620001301,0
2021-01-01 17:00:00,17,4,0,0,0,53,1,543.2881350046133,0,Residential,36.82126089975351,227.9775380168861,2.383077472151544,0.7735479152463336,R2,0,50.3854684251854,1.5675702064814754,12.214095512838492,36.94713001367919,4.298274227831746,45.435345842078746,90.28274372863343,30.199249433898327,11.639242456748155,-2.5488543486990127,0,20.340800109119133,24.88644121089872,539.6963851707918,93.68028728279968,0.0,0.0,9.792894518922708,rainy,1018.796869069476,20.586566485314435,3.002442906217724,2,89.16502937081948,33.41463308604005,1.2125192085871124,0,68.74346735737228,39.573805475737295,83.49696839487055,0,1.2831907579840132,3.22224805483994,ZoneB,26.837792871461545,-121.82998373668389,258.97270019210936,3.451101371511516,Urban,539.2289836899851,13.781665719319967,525.447317970665,0
2021-01-01 17:30:00,17,4,0,0,2,53,1,551.6918124804582,0,Residential,49.52219726895727,231.68476486372697,2.3812174823189345,0.7011308561979707,R3,0,49.83253003923669,1.428730832740091,298.980941665124,27.20875082871616,4.704625455787746,28.38073656601157,92.10195882557076,9.889060086178622,12.3178080595771,-16.27756235482457,0,14.810863378195496,51.51554365454894,85.28461372885498,78.51167491836226,0.0,0.0,6.014963765444081,cloudy,993.1484599555008,11.854728011066076,3.287416738103211,0,29.40704201835946,0.0391668232862077,2.379345466462256,4,58.40716219744486,74.4745814621578,28.71475613174328,0,5.9471005858805706,0.9558506439878978,ZoneB,26.43726474221804,-100.16610618385556,96.30381196948892,3.979921978485776,Urban,522.8910215433577,300.4096724978641,222.48134904549363,0
2021-01-01 18:00:00,18,4,0,0,1,53,1,692.3689981655408,0,Commercial,76.64552596648457,237.0459209278553,2.9208222417641294,0.7568386151005929,R1,0,50.44158780127744,14.92812466373834,14.625798331016917,22.08721306013441,12.980261545619127,99.7650598494991,92.25392575464312,23.131845931945268,26.401178845363884,-32.91382084461637,1,29.88548887495695,28.2229663587341,172.58307615501943,26.17819278773197,0.0,0.0,10.332878879424843,sunny,1001.5859069079046,27.477687824083134,0.4123441466889798,1,92.21519728930868,0.1347856925888576,15.835547300345944,2,77.58163477293954,63.09632937589554,41.6127894048815,0,4.767907456605618,13.250754013626612,ZoneA,35.72122816789364,-122.1615035632782,590.2613821162448,2.34215593374434,Urban,740.1539868939353,29.553922994755258,710.6000638991801,0
2021-01-01 18:30:00,18,4,0,0,1,53,1,303.8502961175262,0,Industrial,25.872178739665664,234.7767118619612,1.294209692723601,0.6549741459346343,R2,0,50.10970706199092,44.48392979429688,30.14402381540057,20.70289722596479,2.2199702520865454,309.02481517293114,94.6992319441692,17.86209906978077,23.041461601831024,14.56565577725634,0,8.537033308215738,21.579884526619256,121.4525549592382,46.8812348958582,0.0,0.0,6.348716646088203,sunny,999.2884875249378,5.70170792923785,0.9610696143822784,1,76.58843994529549,4.797979902673266,0.6547160373659775,5,64.28340910400992,27.19585795692755,59.362239636987866,0,1.316332019062119,0.4353233755341318,ZoneA,31.126265273850706,-119.30670439263083,41.61043971258097,1.192766203359678,Urban,311.27998799603074,74.62795360969744,236.6520343863333,0
2021-01-01 19:00:00,19,4,0,0,1,53,1,273.50256945504856,0,Commercial,84.23734696214503,232.53828783978173,1.1761614484901133,0.8967246864534486,R3,0,50.49562559396389,17.0603786236322,298.53311931877647,31.110242590580828,10.289259833873851,214.3116680070469,91.52572622957372,43.09619064375212,28.116371736918143,-24.731159980003746,0,10.712659691406266,52.48577845129373,882.3378918752617,81.99171067849932,0.0,0.0,12.2538348564006,cloudy,1012.9924420288236,8.669830992450747,0.1806314793617111,0,60.35263760386488,14.80930103271348,2.1060412313518717,0,66.82341032784136,49.50497420200988,58.707043997024975,0,4.651753758006487,12.717122257543265,ZoneB,35.71392697002562,-86.99355298114375,60.24753004487029,0.5136991985423519,Suburban,254.12829004093655,315.59349794240865,-61.46520790147207,1
2021-01-01 19:30:00,19,4,0,0,3,53,1,202.62563870952263,0,Commercial,22.914776177222286,226.3096358700464,0.8953469344357754,0.9530872202194228,R2,0,49.89487328561254,16.361639738974503,58.06869395851589,29.96639530743953,5.30301200306607,291.9108146400452,92.93838750306776,9.22883096807334,2.709218802640041,1.9109304134066791,0,23.95071578549304,58.56918575935588,355.6903792715008,87.58447772650956,0.0,0.0,9.241358644997138,sunny,1007.0606245470356,21.45160545004769,1.6632771970949471,0,37.02110635335398,29.034538532611837,2.020718064021044,1,67.3927252113155,65.7514194249096,94.67899513984696,0,5.468161394400121,6.585667873481271,ZoneA,32.61493780527674,-118.67082678221492,36.63947540309811,4.856717561374641,Rural,211.7794442973787,74.4303336974904,137.3491105998883,0
2021-01-01 20:00:00,20,4,0,0,0,53,1,579.5225270693091,0,Residential,62.007735931066,231.22085457911948,2.50635924741385,0.8056631975623382,R1,0,50.25541781187331,54.85116871779432,29.557915143945696,33.94741973344254,15.62252814798386,241.973875869172,92.52399190005418,21.814382199997464,5.086554185016649,-24.4295806375978,0,9.177464634805192,50.85002935440751,567.7816710578462,38.76029819492176,0.0,0.0,9.849420010618015,cloudy,1010.0654106008952,7.351048516049441,0.7097482073783334,0,89.0752679779623,40.656361647898606,13.609089676364707,4,62.101651354294674,64.27557547283229,79.6454026280707,1,2.7446983397511917,1.5780345535378582,ZoneA,36.83110214969894,-108.65571569729644,199.37533363719925,5.2806491268893065,Suburban,589.7659182151797,84.40908386174002,505.3568343534397,0
2021-01-01 20:30:00,20,4,0,0,1,53,1,306.2083690147939,0,Industrial,76.30556265416402,234.12158535497997,1.3079031929094214,0.9186238621532354,R2,0,50.18509924530368,16.23922564387491,83.95028763792274,36.78589032876749,0.5901395667988031,163.85335688491318,92.84131028574896,10.995199169385607,8.997125205458657,9.913241418820212,0,28.463923786662093,29.78691360122846,76.83242150697833,56.97584429744285,0.0,0.0,8.295243437477733,sunny,1020.280412867332,24.23238945775482,1.5067170274996364,0,83.18529651296606,26.849494020784967,2.8730562573440266,4,98.13805551615155,20.40058284619824,78.71696839424729,0,3.921036790773151,1.173733204540789,ZoneC,39.18578679799728,-91.1540529028571,396.21768883024566,0.5999878936359291,Urban,338.9396771268496,100.18951328179764,238.75016384505196,0
2021-01-01 21:00:00,21,4,0,0,0,53,1,319.43407332744107,0,Residential,34.267196996630005,238.6963243782888,1.3382446259256096,0.5935170593427266,R1,0,49.9964222697209,1.9737496926994704,77.04361561578878,34.22927745559072,0.2703820796149363,91.2038693335544,91.90708927480372,4.985541862716324,26.70622348712188,1.9651838049826555,0,25.405017450999896,6.8617453022033175,663.7257955719599,94.51529136720578,0.0,0.0,11.624977985186671,cloudy,1021.4505947222729,23.25817172776175,0.2416811262076064,2,53.39782349526197,22.470997638317712,25.437024616789536,3,71.30900227382477,37.25227311888044,26.370872915696296,0,12.19151027847374,1.2816526272067437,ZoneA,33.081289786117125,-118.16181121452736,9.220934012468268,1.2761519405054205,Urban,319.8092803170281,79.01736530848825,240.79191500853983,0
2021-01-01 21:30:00,21,4,0,0,2,53,1,540.6503300025213,0,Residential,49.69664932712426,223.0468458692237,2.423931743556303,0.6965867744778046,R1,0,49.88763057527319,61.68541989359869,369.2078160979185,36.92095236582146,5.417277393940814,33.13833232123628,93.38126007426074,28.717072774223617,20.68998164864369,-9.74252034190424,0,24.791187556641496,14.681941319257684,80.58183263412576,28.490752446744168,0.0,0.0,7.2024309992801765,rainy,1020.4774958777182,23.506051032024452,0.6909568323983585,0,65.59930271204978,3.4492669872084294,0.3939063760655403,3,95.85606913666224,66.09970881810041,66.60792312107652,0,1.51961085047845,1.6096915659115905,ZoneA,36.76532554612561,-124.99477502558948,409.9609745356311,1.3793493721008163,Rural,515.5479481142893,430.8932359915172,84.65471212277208,0
2021-01-01 22:00:00,22,4,0,0,2,53,1,614.7546869003672,0,Residential,56.85471791078965,227.9303260773707,2.69711669122822,0.6716198762612907,R1,0,50.32608032488867,16.550519687971637,87.7385198136224,46.13265381284467,0.207625564775888,287.7728144228506,91.69390865861668,20.947651737149094,0.3195882163885017,24.83063090801068,0,15.836152389048657,33.691984249816564,209.7282741979105,33.87800596534806,0.0,0.0,13.731503299312523,cloudy,1013.9999925808849,14.633141267481529,1.5062300880566069,0,52.60418302102525,59.795366026797865,19.74877567768792,5,54.56834473977105,57.74661309392424,43.98747183134459,0,10.83132641006654,10.855966806518769,ZoneA,34.139987210758704,-75.50589607731277,114.12586379832696,2.283193577833475,Rural,632.298517660863,104.28903950159405,528.009478159269,0
2021-01-01 22:30:00,22,4,0,0,3,53,1,527.4487118355489,0,Residential,65.24661705331287,225.7766120861583,2.3361530096583696,0.5926120839930892,R1,0,50.0513984643054,35.44929549422829,43.34654768031864,4.526346188144469,10.785704225427164,250.93956179718023,91.23102390953962,5.256563062592166,8.295553170029065,-12.293193120960776,0,2.3957510490032554,39.92349361202837,598.0587262978011,67.32281458651302,0.0,0.0,8.32892849529452,sunny,1021.9796282867458,0.6473144902258587,0.0073058343172753,0,69.55275825230189,8.1976814680373,20.04005789148184,1,69.14472838019596,65.15060386973173,57.85185996426095,0,8.455341268520236,2.317640210880394,ZoneB,36.10577374262225,-118.575247248088,294.14731258037625,1.2867809411195146,Rural,528.0925560365646,78.79584317454692,449.29671286201767,0
2021-01-01 23:00:00,23,4,0,0,3,53,1,626.6193975019212,0,Residential,36.50868047684091,228.75378460806584,2.7392744499311186,0.9522888236875886,R4,0,49.94645222049831,91.20461318238058,87.11980229234824,33.40647697667482,12.785748965335983,28.122182813754154,94.77399550225272,19.689854412366586,44.4631939484248,23.63029645704153,0,8.30610663445386,32.47666990756528,591.0477269739752,68.84503634605663,0.0,0.0,7.079161767316904,sunny,1014.8658822321604,5.538867575767316,0.0610315120212036,1,68.69567655125209,5.22347257072608,8.498992761639315,5,59.72781065179961,34.89876672746095,67.14802805282292,0,4.688107330238133,1.2696084369778495,ZoneA,37.81926523391928,-114.9395525063258,447.067989281202,2.0898962799280643,Suburban,629.9716738408548,178.32441547472882,451.647258366126,0
2021-01-01 23:30:00,23,4,0,0,2,53,1,342.02965448118266,0,Residential,66.66850115267987,226.6835844099548,1.5088417424290672,0.6801303042020783,R1,1,49.80751149325787,92.27755565096666,4.048594447223773,11.530458322739388,4.48844635090498,139.65846136059966,92.35083720401546,17.7955055084927,3.277205023465844,11.565453623329702,0,25.718987138737177,34.55677079180121,583.1836507870274,27.61100619914332,0.0,0.0,6.99315604923061,rainy,1012.4871669000756,20.27497635934745,0.2916430624783048,0,83.55071373600335,27.540911066755815,2.017437681321592,3,84.67972767475712,38.15693379124414,79.04568693779147,0,20.3737487706529,3.535682566396172,ZoneA,37.21892050878861,-101.49772486558224,140.4941925617204,4.107956615892613,Urban,348.6891352182931,96.32615009819044,252.36298512010265,0
2021-01-02 00:00:00,0,5,1,0,1,53,1,276.62986850733614,0,Commercial,49.45811055391532,224.63987682133077,1.231437055707416,0.8632418087906731,R2,0,50.12118336772793,5.089316171621617,36.64684413127479,37.966672006710056,1.5648775312076175,325.9861439317038,96.26290833353949,22.117182102864174,43.82102273019037,-3.898296541782752,0,30.653451515260613,5.532462938137316,537.9356237327635,74.90522097416633,0.0,0.0,12.041373498574908,sunny,994.4758706595724,28.039412015998057,1.0333552191547353,0,90.11125777464072,5.104750022444092,9.999690699295234,3,72.09074580138095,31.06202120593052,65.0650330688008,0,3.9040417621841126,0.7605714856539807,ZoneA,31.27883993237371,-83.32491708094,73.89339434129025,4.134657084784531,Suburban,306.2305339391504,41.73616030289641,264.494373636254,0
2021-01-02 00:30:00,0,5,1,0,2,53,1,149.82541601447627,0,Residential,65.37836027642982,227.1627460028269,0.6595509987919048,0.9194872508495112,R4,0,50.207400084260165,73.10453756862519,21.355755714579782,33.4160315032307,0.2755164345431691,346.667282624219,91.56571151662632,50.72448179207763,5.38590369130426,12.339872685090878,0,31.7188224063479,5.359290208722692,155.30840245612197,35.349105640355084,0.0,0.0,9.913179603367082,snowy,1011.5302784440923,29.38348166925025,0.4387272455330961,1,97.8619867750334,13.761466158904147,13.858337641629996,1,53.16714388859845,38.98163288114108,62.25447832172476,0,3.268641035189927,3.707701371663688,ZoneC,40.354282170829016,-101.82670630424884,55.6860768125684,1.8937896133203,Suburban,166.62937338897353,94.46029328320498,72.16908010576856,0
2021-01-02 01:00:00,1,5,1,1,2,53,1,426.7404759732122,0,Commercial,84.23022504785236,233.6569028165576,1.8263550994178983,0.828017056242641,R1,1,49.96454556069365,48.29079621878801,50.91753187116688,48.14154256972741,0.5155446918134683,181.81778156389487,89.91971817540262,17.915466528099696,48.05083748348585,-3.626218491401796,0,2.177949263244173,25.018282335451808,855.235954499862,85.16677090935846,0.0,0.0,8.720800462345608,cloudy,1010.537946569484,2.4279000977496845,0.7577138321865211,0,80.00295339932414,4.2828115544219365,16.73756123619,2,51.573193705309365,69.24793542226047,36.28417585673768,0,4.2205078434649455,0.426571815088881,ZoneA,25.437801495079896,-102.5023254225874,247.4647984269091,2.165745096677038,Suburban,425.76282765881234,99.20832808995488,326.55449956885747,0
2021-01-02 01:30:00,1,5,1,0,2,53,1,827.4763377876681,0,Commercial,92.4837199822336,232.0286226581061,3.566268369428514,0.8281904877654626,R1,0,49.74154083512455,193.3896374216545,79.15034718405367,28.98665516970149,1.3095290420423025,108.61625320002564,92.72467621738546,13.189758459255094,18.807302048633304,-8.663304728397412,0,27.606635833019805,32.38642910482744,321.70172429896616,25.999419252873366,0.0,0.0,8.382570715280485,cloudy,1018.8380546405026,24.96679017786498,0.119690430103298,0,57.26952107663138,10.500624656482447,15.110391703707284,3,73.97896872467894,49.76000084194182,33.63843894350213,0,15.086988285157569,0.0004666956712705,ZoneB,31.51044801600388,-99.0656890142846,211.79095003628345,0.7729866777829303,Urban,847.3656120685891,272.5399846057082,574.8256274628809,0
2021-01-02 02:00:00,2,5,1,0,0,53,1,426.92940450668704,0,Residential,50.40980526155413,228.91140457518728,1.865042090406027,0.7378934076154862,R2,0,50.31084144178681,46.42080720195529,12.012532230523824,19.003856122236648,3.929071128809504,210.0147702190937,89.76656379974095,53.90662757548456,15.997186370707215,12.10261422727964,0,30.95193896865109,17.78974283163885,37.759965300919305,37.225227398155695,0.0,0.0,11.054394940144803,sunny,996.8315027559572,28.789035366385136,0.8612648444810367,1,93.42798300427968,40.0204676756841,13.700170267684989,3,77.03236418231391,93.39146371048548,64.47904545060503,0,8.98983881552564,1.1126751740324483,ZoneB,37.5317461713375,-99.83494405024274,338.44421455039713,0.2051945648811639,Urban,423.07272439039474,58.43333943247912,364.6393849579157,0
2021-01-02 02:30:00,2,5,1,0,2,53,1,541.1746785621328,0,Commercial,45.002229341740346,234.63463260192165,2.306456947812489,0.7614657664209187,R4,0,49.88188957879895,31.845260369683988,58.58560280762384,33.5400084413338,17.829427119392534,129.35788821262975,94.3565103169932,28.26708567524293,13.40084848555568,4.5844639185380895,0,26.047237857838585,10.32735931586564,569.609208924689,50.935830844593845,0.0,0.0,4.305964608014578,cloudy,1007.9734733424856,25.33154397776113,1.0434686363237964,0,80.86162432255439,8.177631612832052,1.0690940729744445,1,87.8672836542168,69.12763635894117,81.3901125656152,0,7.468652761242755,0.7069349115097779,ZoneA,33.56881242356933,-107.64929849004317,60.07386416820187,8.292159901680346,Urban,542.7925770920315,90.43086317730784,452.3617139147236,0
2021-01-02 03:00:00,3,5,1,0,2,53,1,108.98679378405632,0,Residential,58.28981976190519,236.65932710844805,0.460521861173524,0.9122551010110846,R1,0,50.0903204561192,34.107104309827214,22.64082975019701,36.00294537353036,16.34946148207408,46.06352661860134,94.3423070502302,30.15025901905539,2.497367882767797,3.3708585805614764,0,34.41386616589278,42.22651189284873,788.1236451717573,66.38315546844728,0.0,0.0,7.718721413173174,cloudy,1017.2952599174448,32.586091924237834,0.7849624934561524,0,83.53752833621412,0.4590677164051864,6.110903135665522,4,87.09288559412212,100.0,53.31569941926448,0,5.203306849110856,5.349670494155419,ZoneC,32.355084025598906,-89.44988817835923,190.34564960101025,6.963286489155177,Suburban,106.74053752904145,56.74793406002423,49.992603469017205,0
2021-01-02 03:30:00,3,5,1,0,2,53,1,538.5909407484963,0,Commercial,40.38037661563383,231.7240490303827,2.3242772729121373,0.7716531317845635,R1,0,49.60018161746525,13.28364605264822,52.79279232167957,43.037918988883874,4.690230266144013,249.8526751867388,91.67162798965738,55.79927630732082,11.5870491774331,-10.77368591578166,0,-3.032855353670844,37.322590496604406,654.5184888012898,17.650891103636017,0.0,0.6032883484690931,7.868047799514191,cloudy,1004.0858342766124,-4.249193456482573,0.6389593883878942,0,75.0633942336088,1.94238777865414,6.811060420956157,0,42.3135792475893,58.804412392290025,58.98683240706437,0,2.399083657966335,9.363421700683286,ZoneA,43.7691855802314,-105.46321470330606,253.9811698112851,2.7767840670755994,Suburban,556.687792293672,66.0764383743278,490.61135391934425,0
2021-01-02 04:00:00,4,5,1,0,2,53,1,163.92472677522835,0,Residential,60.08657400244087,233.7694844048584,0.7012238025529971,0.910039015409608,R1,0,50.2548902503569,76.86242267884701,104.87955510971,33.039192857251535,7.066560597749891,326.6393677838351,94.65626442211156,21.29673716729903,1.916132785405937,10.036435337305171,0,22.2180746506435,28.656412906304386,192.35450067381623,6.647963833475347,2.146901268438845,0.0,12.638170889179642,cloudy,1005.871479518369,19.04666391709915,1.7119003145923577,0,61.82611440653967,2.795008513055992,3.530677892786111,1,71.9934054034158,51.807799824291365,58.248366570323206,0,7.865120155843974,4.245712302366224,ZoneA,33.428736933183544,-116.8568528340168,65.12936751752886,2.8128589813553826,Suburban,153.62833526960074,181.741977788557,-28.11364251895625,1
2021-01-02 04:30:00,4,5,1,0,2,53,1,882.744717406184,0,Residential,53.37950651356284,238.32006950869385,3.704030127324135,0.8834364253490931,R2,0,49.95324202394086,47.61564428523461,82.59626881605662,26.167162529080173,3.5274592005857053,286.7048689789806,91.13191934492032,41.8064939875659,29.84855062117247,-4.708338567297688,0,12.518558054639197,18.457821716166134,273.52539041077944,78.17761173256523,0.0,0.0,7.33040294481998,cloudy,998.192001544138,9.469900674843164,0.478862338781301,0,78.02887634461315,31.91877207829551,8.39976783045402,5,75.52532308822407,65.03849490254416,67.82254474707025,0,4.001504055769557,5.753778182770501,ZoneB,35.63651563546257,-124.7201040577292,267.6449379623849,0.7644591346638038,Rural,880.9637046631157,130.21191310129123,750.7517915618245,0
2021-01-02 05:00:00,5,5,1,0,2,53,1,536.555193793255,0,Residential,51.34567634569727,229.3954049073737,2.3389971303475217,0.6523036339109473,R1,0,49.78851447491081,91.6992449429526,19.57242475502029,31.61533219386966,2.464704717468763,211.58504804323871,95.56549421179297,25.88225360948185,5.32360271139908,0.9471477573240384,0,13.769085978730375,22.852021548902485,915.0635487530066,42.91517533070447,1.0599609359225974,0.0,8.7244182605278,sunny,1014.016480631861,12.390952188216154,0.8711475152440323,1,78.89475887728688,48.44404067553869,4.367691331340718,3,74.60797246664099,55.978281975792136,58.86247656142278,0,19.073574784132536,18.67981058692673,ZoneA,40.37300310818863,-106.464412380779,47.45852799413275,3.0105609095885706,Urban,538.2090724855219,111.27166969797288,426.93740278754905,0
2021-01-02 05:30:00,5,5,1,0,1,53,1,573.771589865877,0,Commercial,52.823775514132784,233.48685862619783,2.4574042121336688,0.8053708592587735,R1,0,49.683164617463625,84.60120238240785,2.6928367150575445,33.30032646187893,14.795147028688657,53.09451376168674,93.94184573953147,22.51834814710275,63.4318756474411,6.647352361759618,0,4.841655572451199,39.91669959159433,483.96125530359865,32.4576273673847,0.0,0.0,4.836780139936232,cloudy,1010.1254744198588,1.9337074036488624,0.2217459358183499,1,69.24588889842916,8.786380468868106,33.16116809613068,5,85.91130363292571,34.955734649812,56.455579373828655,0,5.078904553824314,1.5535665895613249,ZoneA,28.808045746975832,-74.02571560538456,8.15901641430613,0.5248213507184523,Urban,563.985557862325,87.29403909746539,476.6915187648596,0
2021-01-02 06:00:00,6,5,1,0,2,53,1,507.0637304838194,0,Industrial,53.97162833691748,226.4975388077628,2.238716293134576,0.8160362462173015,R2,0,50.19213393424182,109.55317195848812,14.311133641229931,21.709128662809988,0.1012920756614176,183.77537743195788,93.32763896542782,27.20488968862967,13.792382614812045,5.014057281009977,0,22.281520493918485,7.810724072019831,358.51589030309026,92.59860253340015,0.0,5.34332420362087,12.28685389991513,sunny,1017.8328675663552,22.5319861096143,0.3318896093797815,0,87.7086444818575,13.195687292787628,8.773652717403875,3,42.964768767414654,70.69445452290289,90.8600640071796,0,0.4109398183786006,9.132806110203244,ZoneA,43.86644128974413,-115.2562455613859,62.43733633817911,3.371775779642037,Urban,500.9821614215427,123.86430559971804,377.1178558218247,0
2021-01-02 06:30:00,6,5,1,0,1,53,1,351.5107705565342,0,Commercial,68.89370711388803,224.0158124266816,1.5691337443939617,0.9659420324504528,R1,0,49.61371676517336,43.74980495531243,5.668346390488212,8.227311489521725,0.4720581305473704,100.16145244926076,92.5093475781472,25.65973195148224,15.295398559397366,17.32066966635738,0,6.646274045603542,6.240793902200286,428.8900839473965,8.710261307077927,0.0,6.955844478539122,11.200482036678526,sunny,1010.593025409278,4.507186477314367,5.051519901858158,1,80.3399483741433,26.38744644288764,0.8026160717272288,2,78.66024384806603,58.00364673386939,46.097514179529576,0,14.351971925980784,5.37134435670775,ZoneA,40.40221393315456,-69.41098451748557,79.33520593936302,0.1896134042081664,Urban,355.21539593707666,49.41815134580064,305.797244591276,0
2021-01-02 07:00:00,7,5,1,0,1,53,1,682.1078180469486,0,Residential,100.0,238.05377295500224,2.8653518471050785,0.7645562850372616,R3,0,50.07329195932814,56.12856564571173,321.7611654416894,5.912970268850124,4.296603028904546,318.2764784548524,93.12601530256909,57.21464914469082,4.216344657153536,14.973935926509547,0,15.78113404309539,21.706231182948688,399.2622713806912,43.4889600840277,0.0,0.0,5.941086457401789,sunny,1025.1284544305906,12.727714727952655,1.1078809307796422,0,73.55128326033265,7.621166249473639,15.255850960751838,6,75.42423892779988,51.62916183473184,65.35522157517973,0,10.321343534414371,0.9068002655228308,ZoneA,40.469789385817926,-74.81205731130987,194.44947213684264,1.9079397584633635,Urban,694.7300400786893,377.8897310874011,316.84030899128817,0
2021-01-02 07:30:00,7,5,1,0,2,53,1,126.04557323401414,0,Residential,54.047138650314025,233.828770206656,0.5390507469316803,0.9009724133308828,R2,1,50.02682341754002,90.40572752378436,20.28783383332124,20.40116230831616,1.2660074992830277,257.4457293652891,92.18294883661945,3.979538526800163,2.68446461820332,-7.337678365278903,0,24.287956280396447,66.61281272321823,910.4636432154924,36.41887716026148,0.0,0.0,12.678871801311674,cloudy,1013.5897467463446,22.67396585169929,4.886296452022882,2,60.75575368014984,7.911455699474259,26.65293973819352,2,60.39642147486772,70.5008741298774,67.62810070454915,0,0.8201813114903911,11.738089709027022,ZoneA,29.97102594579532,-86.18417161198843,89.68376818156298,3.4735723654362904,Suburban,115.0724972375651,110.6935613571056,4.378935880459508,0
2021-01-02 08:00:00,8,5,1,0,0,53,1,619.4741432789796,0,Residential,87.16541511685436,235.8034023282484,2.627078902011113,0.5405635600731757,R1,1,49.95676243503919,62.07002195494038,70.09864087247563,25.861357769490308,0.6142940681796295,189.8189175327274,91.88696132357714,16.9424519124882,14.965673218957706,-9.538206176972457,0,23.224435906336097,36.15084313109348,503.7475923191976,90.57661203764854,0.0,0.0,10.71205606784331,sunny,1008.9911090284016,21.487837485386876,1.454413510079731,1,97.35993477941854,5.351647715161708,4.93788515221542,3,76.42426764178741,58.0015583457097,50.55667025590861,0,7.6434371116851025,5.6991056840466205,ZoneB,34.77739331107801,-98.92465025411136,332.4855689959124,0.4739676094926913,Urban,638.7996005056157,132.168662827416,506.6309376781997,0
2021-01-02 08:30:00,8,5,1,0,1,53,1,117.87858513799658,0,Residential,38.398772672460176,232.5539121801262,0.5068871300977854,0.990191056422042,R2,0,50.07611060897695,18.569929822359,6.78061857836744,22.144592386706048,5.2411703050568885,270.9817920091552,92.627012768029,28.956126930704524,2.0984529749002965,-13.021171664758862,0,8.592608072969874,34.57504504332252,40.21428962347969,75.37917128579011,0.0,0.0,7.607473445472378,cloudy,1026.795405255817,4.2021393239205,8.432013539202735,1,54.8007193490171,27.513052050364436,16.30010583040299,2,56.658009900695006,21.914149513389567,79.82808410811505,0,11.23838261671062,0.7500691951029747,ZoneA,43.67234627201267,-102.32618922982206,200.8029219613279,21.070149845022563,Urban,97.15981400321115,25.35054840072644,71.80926560248471,0
2021-01-02 09:00:00,9,5,1,0,3,53,1,81.56122712392585,0,Residential,60.47200688764838,226.44271723511983,0.3601848101797826,0.747133181584311,R1,0,50.3158438172218,13.618107909205984,104.57379999164796,32.96638189033747,13.154600178805063,2.559122593675389,94.85466565848324,43.45757448085312,0.4678758592842525,-11.012942697458517,0,15.206067931753072,24.407775634910397,874.0190092151377,37.21865763997801,0.0,0.0,5.713479045594598,cloudy,1003.3570315839256,13.834752742009316,1.043889216371353,0,87.16971393469748,20.5323526457696,6.750867281007857,3,78.94819789304059,61.6672779906904,70.5031362500381,0,2.831515255164552,3.351563699909609,ZoneA,33.98763137365977,-122.5030152897276,14.61890222815207,0.8994182080489634,Suburban,85.36130068652142,118.19190790085392,-32.83060721433252,1
2021-01-02 09:30:00,9,5,1,0,0,53,1,517.7333769805059,0,Industrial,100.0,228.45485837385348,2.266239294124638,0.7740321692910443,R2,0,50.04945680277041,16.206365323306528,38.11763432124331,47.72075656328002,0.8333967305412162,171.9862293449803,95.75956570675172,26.59558469276026,1.196425010309911,-23.88916829117197,0,28.861427781393587,9.365229052028502,216.29645309308333,29.430239064171506,0.0,0.0,9.733004862743057,sunny,997.6189699678974,29.26937655455625,0.2023369543103827,1,74.89017945783804,27.62535522085078,1.4447706746493818,4,83.22190167328358,55.91587301433806,63.78184291554019,0,2.6901856695495514,6.179123951414028,ZoneB,37.49483225228446,-68.83096140978458,125.60473806355436,1.0047275997067615,Suburban,515.8445460069088,54.32399964454984,461.52054636235897,0
2021-01-02 10:00:00,10,5,1,0,1,53,1,524.6512715879443,0,Commercial,60.17012996541051,231.0016963142405,2.271200947694518,0.9757093854988728,R4,0,49.97898034377319,74.77749332738807,15.961090231180082,27.413836704613995,2.7286823060685355,65.51726621487794,96.27866906284429,34.26204754523898,9.774438549710665,-23.04591452842206,0,21.364728608684047,23.743700075902986,245.11649462026128,45.98362938941831,2.807640684648777,0.0,14.015718006760457,sunny,999.8966775303064,20.824337579897147,2.013823298833464,1,91.26601598017731,10.12857283615051,14.597591388675257,3,86.54921735751543,65.573110511994,74.54306876621317,0,7.478589052988417,20.925491469271183,ZoneA,39.92386557909344,-78.66177780984785,470.462273542212,7.759442140004629,Rural,511.1714974845788,90.73858355856817,420.4329139260106,0
2021-01-02 10:30:00,10,5,1,0,2,53,1,673.7030748293005,0,Residential,96.20849706422985,230.354925457444,2.924630647647085,0.8747493598765946,R1,0,50.0191524628727,45.10435770000086,13.407125177830393,47.95970023488352,0.7440384087396286,155.5375029248067,93.90567194635496,26.10284259143419,7.434861895168416,-2.774732691591572,0,22.018361940364294,8.593613490802584,13.108491647808645,26.128981092709687,0.0,6.955844478539122,7.976626425913888,cloudy,1011.0677710202152,21.8724020890661,0.3751764049692205,0,82.70462030066258,0.6401835808147062,36.807747725662246,6,72.56851604680095,60.33633209863494,38.9756901555349,0,0.9862575768171404,0.8038326574470513,ZoneA,29.90095622296347,-117.51795133573157,104.21063552335048,13.671536205027836,Rural,686.3696109713842,58.511482877831256,627.858128093553,0
2021-01-02 11:00:00,11,5,1,0,0,53,1,485.7459112859365,0,Commercial,55.81768809847287,223.5238802985077,2.173127589934647,0.8636692288020288,R1,0,50.00758199360297,73.82446419789491,12.513051307661376,31.1858723193583,6.163072074624607,136.82307807210577,92.36315037661376,47.75829357689532,2.5584114754881955,-15.385123391259963,0,19.59833165268163,41.33703605431246,312.88650800190004,16.363762052772383,0.0,0.0,5.850246029350807,cloudy,1012.2820838391132,16.72897775000442,1.6235409700955534,0,94.77867629407125,17.04256623817256,13.104773657060116,2,17.250596967397613,56.02613606785904,39.49939011699917,0,7.192827848359167,8.48513701530751,ZoneA,26.218133905838933,-79.49885501560051,83.75618369682252,1.90004173996043,Urban,522.6153837168389,86.33751550555628,436.2778682112826,0
2021-01-02 11:30:00,11,5,1,0,2,53,1,326.187306977865,0,Residential,51.7924337304522,220.95287010549268,1.4762754917921126,0.7442929739850381,R1,0,49.86756653495949,2.8956018508244017,10.711673182440844,40.59729164415031,5.484801236809959,202.73098789656063,91.08867986108464,28.040755923262704,2.408834984721163,-5.658510833274615,1,18.77858056467955,27.539327726236085,87.35279815333195,78.38110683655214,0.0,0.0,12.204357438335226,sunny,1007.1933029286622,15.264010194638551,0.3073679698328911,0,73.72709165035097,17.106901625599818,13.906200355699315,3,59.03005763530095,18.115013059926355,63.25472383619244,0,10.662752252963523,15.889699066791897,ZoneA,38.3270550741854,-85.68278249395215,56.3865368445374,0.1497934923396044,Suburban,348.9144996571953,13.607275033265246,335.30722462393004,0
2021-01-02 12:00:00,12,5,1,0,2,53,1,171.05125450554766,0,Industrial,80.05015078064797,235.21440454348024,0.72721419777643,0.8083305338770709,R1,0,50.00475055332662,29.754127284117764,14.322287091263622,27.92803211087727,9.6295990038389,134.00036954841246,92.94511378935267,13.145963053959742,13.389685971977258,3.756320797614596,0,-3.6501095092370015,34.21363762443358,444.408760311484,51.38204855225396,0.0,0.0,7.572859810184641,sunny,1028.9007413582915,-5.378152259644219,0.407918833405145,0,93.65917240535056,26.28478147959777,2.353294405208437,4,78.8187156139801,59.172671870287886,74.81529778616745,0,5.883487575183056,7.761385161064792,ZoneA,37.70757041042288,-105.25384243508542,224.60433393523084,1.2487604851833336,Rural,178.7583475358491,44.07641437538139,134.68193316046774,0
2021-01-02 12:30:00,12,5,1,0,0,53,1,264.45911134426143,0,Residential,64.84744967095297,231.54637245746136,1.142143185131724,0.8201784059969687,R2,0,49.83090073223826,53.744595029653055,12.89900737206036,37.45292442019729,2.725513171150278,321.6737269682259,93.00805688172692,45.38453555338822,12.072967076273336,-27.45019400261496,0,23.735726074488248,27.143126090663728,122.11720050744692,30.25051678446122,0.0,0.0,8.63904349706988,snowy,1001.4784077531976,23.928191213442325,0.1209434130434251,0,68.50294483328435,26.05518187505532,7.216606544572213,3,71.67440688136038,62.02357064280336,73.42010054641693,0,4.638477560012129,1.1962606081091856,ZoneC,27.47278959485724,-83.68297245871914,98.700747732167,1.0504092441092667,Urban,268.15889120622774,66.64360240171342,201.5152888045143,0
2021-01-02 13:00:00,13,5,1,0,0,53,1,48.378392179649055,0,Commercial,94.38486132775128,222.7204751097927,0.2172157371512446,0.8654836682440071,R1,0,49.88022905811076,11.40091666631822,111.12363677749494,29.410493332120502,5.905144938671073,102.09406758149689,91.50104139586033,48.18661531170964,3.771640881564084,-3.9069847939048414,0,20.251134884959136,28.004200944324904,174.12757495432112,67.95311305427842,0.0,0.0,12.33114786105608,sunny,1028.025075626436,14.330173300052264,1.3391111227773678,0,63.26787263514435,24.116709105898373,13.17225240155948,5,72.07280249445225,34.48808374861034,25.07726857182357,0,7.040296687267764,2.1439209983706284,ZoneA,39.42138237129844,-110.15848645795046,6.676771503092311,4.614595605769141,Suburban,38.18909063745343,122.52455344381316,-84.33546280635973,1
2021-01-02 13:30:00,13,5,1,0,2,53,1,459.7752700452273,0,Residential,77.33739376318687,232.42501052505668,1.9781660717432172,0.9366286199727788,R1,0,50.1882810007483,56.61327015288291,113.88126626766947,41.96402384080584,1.6078691593304746,82.23990693330214,92.69800045511974,30.090155225135533,5.315052378440958,-1.9335425833731663,1,27.454201103703035,41.937233685620924,803.1152024273576,65.16185830840452,0.0,0.0,8.75625738465527,cloudy,1022.2295572996724,23.780199900168903,1.0834019365722132,1,96.94889585001988,32.832763481501445,0.4838908797077604,2,84.21293207701378,8.793168020388187,14.904983901928771,0,1.8966557356065203,9.284723081775969,ZoneB,40.10079602209351,-97.64729480074176,5.241709251122956,9.810581906125766,Urban,449.2181111523263,170.4945364205524,278.72357473177385,0
2021-01-02 14:00:00,14,5,1,0,2,53,1,48.81735168115528,0,Residential,94.43221041927498,229.96887641828016,0.2122780805884513,0.8717117203368796,R1,0,50.00752521859352,27.342034131312808,2.1793517242643423,35.31565483918515,10.493282973796148,167.3472446519428,88.53672375118062,38.75679147527812,4.437039146753206,5.82772409305098,0,38.30721033659204,27.87175471312504,64.69150877717043,62.71846455037527,0.0,0.0,9.448567625179082,sunny,1007.2223413740156,36.5774007345424,0.1924319620084755,0,65.76279916103542,8.630631830798098,1.6414747199077615,4,90.88517039585214,44.43439987682102,70.7680754975349,0,7.90994099651156,1.2547937469489476,ZoneB,29.51071431769924,-111.95134609169642,47.31781685757267,1.1188219583569985,Urban,54.940603638446525,29.52138585557715,25.41921778286937,0
2021-01-02 14:30:00,14,5,1,0,2,53,1,273.13490201385315,0,Residential,79.07269187939781,238.0121460836128,1.1475670738160642,0.8020463036439373,R1,0,50.01199630157063,17.712750048300975,152.52907038317096,47.10374211052618,0.2905763235584698,215.29623152379284,93.1962854066565,20.310981081191795,43.54870589819417,3.351977364772832,0,4.040542063972341,15.331784103217664,308.772321276278,65.69854569905618,0.0728185244569224,0.0,6.402345998470704,sunny,1033.7764537588762,2.2188532131042016,0.3125600295720313,1,50.52498092951881,2.193233825011908,17.66525335430138,3,65.71108407942864,33.13519259712965,50.64428580623919,0,12.257008143818286,3.8338289743150753,ZoneA,29.226409060944395,-99.90374661291838,295.4057712312918,0.9729288595076466,Suburban,242.01427551066303,170.24182043147192,71.7724550791911,0
2021-01-02 15:00:00,15,5,1,0,1,53,1,145.6187659877863,0,Residential,73.87747799544188,231.79210030874737,0.6282300638970091,0.6930420072005173,R4,0,50.35269124778912,137.72421866792945,33.661837956783735,31.751429721080083,1.2816130885419654,319.975565519881,94.25292992570722,56.782724537066656,18.64889959405008,-23.50687022752796,0,19.870420037435316,15.03244130835194,161.25227385001284,21.481411394844734,0.0,0.0,9.69932126292479,cloudy,996.7673184623004,19.364304030039488,0.6988443689351198,0,86.17910763176026,14.974418107159387,16.781961642277338,7,67.09679739952894,69.61564813492572,58.63618822658473,0,2.7848515446656426,1.2457080469167576,ZoneA,33.23270090645222,-118.0789943646948,181.9286059955161,0.1711912613337683,Urban,130.94537347945015,171.38605662471318,-40.44068314526302,1
2021-01-02 15:30:00,15,5,1,0,0,53,1,590.6988997209387,0,Residential,80.6618901451235,240.08872909138432,2.46033581816372,0.5283263026812302,R1,0,50.10889685464322,47.04978390895514,16.27632586428218,54.55478706008888,3.739019192137168,109.7925259288117,93.7233007562898,24.825373552731808,1.9404934865436116,-0.1651789934112289,0,18.99623445114297,23.23970070012004,768.6166756731833,54.39146530055597,0.0,0.0,7.721645984456199,sunny,1007.014036135861,17.28950936286304,0.638479021084631,0,85.19395849468833,25.244927600487188,1.4521051440892216,0,39.97836750042346,59.35689277713874,66.57505919911246,0,0.7835800673519351,1.7274840518372687,ZoneB,32.305044402167184,-108.84486778726207,774.168937313763,2.9878531386463454,Urban,592.4146165826157,63.32610977323732,529.0885068093784,0
2021-01-02 16:00:00,16,5,1,0,2,53,1,570.379731947281,0,Industrial,72.90369050995913,224.1882215663921,2.544200261557301,0.8036908876158609,R1,0,49.87367039506714,19.790113658286373,175.94258018521603,47.146634391129474,3.3437589193600328,208.97220947601517,94.88024786161924,24.021859122727417,0.3975477526803289,8.34926514665804,0,27.11116952270948,30.194148872836475,103.75070561375269,39.74014270456671,0.0,0.0,7.491400467304452,cloudy,1023.7059998165672,25.39815805696078,0.9663825641395564,0,99.6876466071012,6.068069062921188,3.017745094097096,3,60.49596777729547,31.014026377062493,40.28640836114828,0,0.2733507128057689,0.1044227303598926,ZoneA,39.908370674430856,-122.60490890374317,7.897913830626978,1.5010098379088437,Suburban,565.6317595956148,195.7326938435024,369.8990657521124,0
2021-01-02 16:30:00,16,5,1,0,1,53,1,599.0615524510067,0,Residential,63.29350834248714,223.9285221290636,2.675235591943625,0.8264572824280206,R1,0,50.20355012318938,22.238586813243217,33.30763402333213,34.10094605231574,0.9645349212809936,327.81131672809926,95.4180315354268,17.028024779274038,9.638839705441695,28.260717761917093,0,10.038902844411195,21.436782916183336,16.39651787903009,26.810731562066177,0.0,0.0,9.9954621628099,rainy,1010.2581149436216,8.87011365218017,1.043715531264951,0,59.13879462015543,2.315255962155724,1.4361782138303358,5,90.27132463720152,82.51651078361225,50.26357406409648,0,3.952543031284826,2.0238932548676134,ZoneB,25.476336727372395,-115.61430159280664,20.45393729569184,1.2690131792619073,Urban,613.3702275183965,55.546220836575344,557.8240066818212,0
2021-01-02 17:00:00,17,5,1,0,0,53,1,500.577407627506,0,Commercial,66.19433920418773,223.47109596712457,2.240009632839261,0.6264513318251987,R1,0,50.194091998639216,37.436220179557424,52.23885012665234,32.96904310110773,2.028403736552552,25.14617281213443,94.31140415514906,71.99888033147931,20.732200403706702,-19.666532678549952,0,30.6627686019666,23.24778429230899,200.7813273983224,23.332531485580795,2.152258072524549,0.0,12.49602943272601,sunny,1016.1992955343076,31.533391110816016,3.542527408348171,0,96.58221676015629,2.5752890385151224,13.693518669187943,1,70.5938919006441,63.81864819556523,48.06093490317803,0,4.53427336794617,3.915961282849647,ZoneA,32.99612952901752,-70.15112352187649,467.4110631629497,0.8398239125668272,Suburban,486.2509987108861,89.67507030620976,396.5759284046763,0
2021-01-02 17:30:00,17,5,1,0,0,53,1,468.2408379518404,0,Residential,73.3583381576052,223.47271842386235,2.0952930686766185,0.866366988141606,R3,0,49.69466449208208,9.50705417406722,28.91290469775784,36.02357691135422,4.749027596078514,332.83089603457114,91.293785626189,15.666574616642524,15.59548415881142,-13.692445470066678,0,22.313014064843934,41.75647351768061,62.492459007408215,28.79874876883323,0.0,0.0,9.944867781472496,rainy,1017.0263228910336,20.681226859254284,0.3222261568538888,0,96.09066352851254,3.79198187595491,3.815587138043342,2,71.55896932011223,67.00539987077178,67.85659137517496,0,0.0179834333782712,6.627726095629125,ZoneB,39.18389481623587,-114.50710658423364,60.184822675182005,4.437217099797511,Urban,409.64694437938175,38.41995887182506,371.2269855075567,0
2021-01-02 18:00:00,18,5,1,0,1,53,1,358.1227222670672,0,Residential,55.42557475397618,229.80632631290945,1.5583675524208125,0.5680752398195487,R1,0,50.08533924183007,58.25070633050029,6.821572728927412,44.25895722595261,6.2611045647491,188.13397166963324,91.40353686885548,5.526505772757913,10.496228130865074,2.520662011735151,0,31.76618673267076,28.44770748882542,293.49506663325457,22.286837485810928,0.0,0.0,13.112511643300271,cloudy,1012.4871217919672,30.631328414538785,0.2208430549107745,1,80.41103344309602,4.161424707260069,2.3589237497922,2,74.74859197078956,63.07087979945419,19.505662981505072,0,17.58829370731092,5.078062897171209,ZoneA,26.147581638698732,-96.49297020772588,169.51013693207364,0.2217791407408633,Rural,307.94541921110414,65.0722790594277,242.87314015167644,0
2021-01-02 18:30:00,18,5,1,0,0,53,1,386.0644612831389,0,Commercial,60.91609664953798,225.85661840589705,1.7093342847687785,0.7796223169391865,R1,0,49.92484256924308,30.034622385816014,395.2678134352612,31.384409245166125,7.606492417445569,251.21668725608933,94.33993975234706,18.003778831604958,6.728939689819376,43.93020466544985,0,25.24257794876141,54.63645117025094,1164.861368899471,64.26866128972688,0.0,0.0,12.951420749192575,sunny,1008.1367978657152,23.188242326977687,0.1010426719396123,0,99.5280839760954,62.74156875116121,5.518504843349644,5,46.59613866546943,44.80760411477297,56.48102720947901,0,2.2842539273157745,8.458930001627031,ZoneC,41.3506364828784,-66.46680967869878,127.98928787679296,2.3355006080493137,Urban,383.2263519018194,425.3024358210772,-42.07608391925777,1
2021-01-02 19:00:00,19,5,1,0,0,53,1,566.6641030124566,0,Commercial,56.73139920793235,239.34432655266383,2.367568561888478,0.8616935464458203,R1,0,49.63362292735562,13.535746051908829,22.783470951129686,26.811665059388808,14.053544500398612,130.04767880944902,95.6545069136881,28.18547560866145,11.740874341763156,-21.956253691233275,0,18.22382111029356,28.321191757976777,1.628553755147682,61.00302144472334,0.0,0.0,6.575371867825431,sunny,1017.8397831075174,16.006920027241122,1.6251075678242677,0,91.35095177587314,50.40202428042205,2.247725229025441,7,60.05604698450672,0.0,23.911263941725668,0,2.6643073704792486,18.75906217723658,ZoneA,29.92536278349989,-116.06390176740337,658.2118705112401,3.49260957765563,Urban,593.6690933601586,36.31921700303852,557.3498763571201,0
2021-01-02 19:30:00,19,5,1,0,1,53,1,720.1889440323516,0,Residential,81.95300149564659,226.89688280476136,3.174080380170118,0.84760619648936,R1,0,50.0256245370222,0.8802424826775729,22.281806070011783,23.41720776081265,2.0866782669738515,329.50448892096443,92.6978868728126,15.54113260057163,5.266613775795004,19.90724630623862,0,21.850507949640008,49.953874520130704,213.259958429098,46.08286727403797,0.0,0.0,8.98511646613133,rainy,1007.9004922375012,19.57116063651793,0.8985448162725498,0,68.13826989955183,10.246568559392284,47.72593233769535,6,79.23328635743391,39.81172156352447,57.01466297136689,0,3.6908244672470527,0.7803011191203241,ZoneA,34.25415829308754,-89.6543860435423,170.16443944091907,0.3432754436721871,Urban,717.9991305805382,23.16204855268936,694.8370820278489,0
2021-01-02 20:00:00,20,5,1,0,0,53,1,605.48735918936,0,Industrial,45.85454720825609,236.84278865190464,2.5564948066848845,0.7277477735971903,R1,0,49.77308070307004,112.56868522024917,490.269008994298,29.866637696746974,3.929775855328423,194.9901005126532,93.41588621387268,20.02065901402399,4.8058533155446455,15.843372741588308,0,27.68100338847097,18.331320252733217,47.2615855064249,76.40099298962161,0.0,0.0,12.01140011926859,sunny,1017.2082006918253,25.59796275415054,4.224565988697969,0,91.26455697079004,8.33937022659,10.258682845952476,4,83.36900649922629,49.772879892703976,81.90512898934557,0,8.983582278722563,0.4707174908004256,ZoneA,44.132131322007766,-65.37951480570378,421.4839978213572,0.2942304510080436,Urban,631.1500394138369,602.8376942145471,28.31234519928978,0
2021-01-02 20:30:00,20,5,1,0,3,53,1,530.3834671296862,0,Residential,60.08003000459788,224.48624823928117,2.362654600402727,0.6659544936200611,R1,0,50.14671115602207,18.17920559152251,20.910317348045705,24.031477552976952,1.115312789043267,118.51035685279749,93.1039773813762,66.03013609989242,7.358942958437058,19.33666406597977,0,23.07024684314048,8.145156272479804,214.1788638694832,50.2409929062435,0.0,0.0,12.672603324875148,stormy,1010.3563085131906,20.58403554736587,1.9229835808744544,0,85.54578305260512,31.639304426484998,7.642479243203598,2,78.55930357102739,37.36330219294085,84.76933358079947,0,1.6270925707031982,0.5350639757448962,ZoneB,40.63583772154804,-68.56589881420575,162.95424386933723,0.3268318623190303,Suburban,511.1018386804869,39.08952293956821,472.0123157409187,0
2021-01-02 21:00:00,21,5,1,0,2,53,1,670.8245618888128,0,Residential,73.10493111238596,229.72096321264692,2.920171291759069,0.8010629812442025,R3,0,50.10026011117363,2.6104294911042105,31.60438817191324,41.810257354408726,3.880355264085749,254.84530622130416,90.07200988802649,46.76333315397851,20.440222877811703,10.233255704002758,0,7.430099921258275,42.34526273623836,362.369287723453,51.56750734054866,0.0,0.0,14.632603692066718,stormy,1010.7544952800469,6.53626003636425,1.1613684505207476,0,96.15468136291024,21.7796074325362,12.247419730924795,2,55.526235997156135,51.14068303311196,72.74645790586717,0,1.6755148541841214,0.4109258274927007,ZoneA,28.55385057240921,-113.29185093945844,235.54228835570143,0.6739601378656223,Urban,639.2381229312638,34.21481766301745,605.0233052682463,0
2021-01-02 21:30:00,21,5,1,0,0,53,1,759.3088431623594,0,Residential,44.604622593339386,229.73023594382735,3.3052194459419013,0.8452292727695613,R1,0,49.96208716280404,128.99827888459967,99.37976077553688,42.48815537492599,5.235379996611006,247.55795146364065,91.33271710690724,66.84724688440036,20.23759689836988,17.927530311026736,0,10.097776280125002,35.04787015705498,854.5034644937214,52.4403812649737,0.0,0.0,9.12897628168506,rainy,1012.9139656335004,9.069778567479128,1.9721418732972107,0,55.17792642418738,32.83100813960631,2.967523261155904,3,88.77196435751434,39.61499350669388,51.131748326237336,0,0.4644449318004892,3.3558779349064483,ZoneA,42.26267383190444,-117.48087530933962,75.26529663858109,0.9740670544528188,Urban,753.1129170557997,228.37803966013652,524.7348773956631,0
2021-01-02 22:00:00,22,5,1,0,2,53,1,1334.7251541028977,1,Commercial,55.1437487619987,226.4141978358176,5.895059439120345,0.8922434134159047,R1,0,50.21258968723003,13.391729130844682,59.7723392457827,21.05283018436147,8.428998909676157,139.90076599836846,90.26808196383172,17.796938332168686,29.232071100389422,5.369325718756125,0,15.893028904914049,9.693921095610468,556.6360650108343,23.97394499974065,0.0,0.0,8.942474186972412,sunny,1032.3704294286558,14.453378679738922,0.1325374450260966,0,36.45441273875824,59.973261778140056,46.0905905699643,5,66.9681802230871,44.49778423522592,59.313494031088695,0,0.3529210751684426,30.08295609414002,ZoneB,39.91257762759176,-97.62785900157742,125.9602250586694,0.6504340881832807,Suburban,1355.1982733829543,73.16406837662738,1282.0342050063268,0
2021-01-02 22:30:00,22,5,1,0,3,53,1,187.98324715304653,0,Commercial,72.79263816947848,223.63752831774124,0.8405711177685814,0.8072049851381246,R2,0,50.32025516503816,112.59635612423506,149.043057762477,37.45064715884905,4.388811941289919,31.95911423957857,93.1254503823172,18.61059453950052,6.73686751887916,-31.250439391500905,0,48.05966763427693,28.55399662235724,141.89870694618767,49.51632189497556,0.0,0.0,14.352713800932634,sunny,1011.3530424020367,46.01048723441089,3.88265814772653,0,99.7184085136651,69.69468742051353,25.12633185309669,3,59.01386899286398,98.7738764817172,48.94666290211439,0,4.365976378971639,5.155966859332497,ZoneB,36.39108954822724,-85.82305577580102,816.0937532113671,3.8332266760434623,Urban,141.5215829343949,261.6394138867121,-120.11783095231718,1
2021-01-02 23:00:00,23,5,1,0,1,53,1,810.5367518132898,0,Commercial,68.41200947536686,228.8726062321536,3.5414319133987298,0.7821605606135553,R1,0,49.98875513924358,35.789785563450714,104.15492477596716,42.70758628825885,1.6254150461214238,139.80410488732832,94.58952774103986,35.70146711174935,5.529852207884852,-12.63148193859399,0,10.413593955124448,38.47546038811766,87.20043254703447,31.84373139236974,0.0,0.0,7.994458026987042,sunny,1003.3852811037112,7.693312990585802,1.0037515514019506,0,67.91631041135811,10.951055980404483,10.53992153966366,2,49.881550241923605,56.93626181805093,70.77528865978097,0,2.2406520613992416,7.409751521982085,ZoneA,38.78235149091826,-116.57130140820117,21.64846964140366,2.592832843568548,Urban,766.5303959642625,139.9447103394179,626.5856856248447,0
2021-01-02 23:30:00,23,5,1,0,2,53,1,992.4878773424416,1,Industrial,72.38418653960609,236.215060439514,4.201628276773577,0.8956527212086833,R2,0,49.94952854331887,17.977006333791927,101.98839500659857,44.72966243942611,3.840779606361737,115.00341941758664,91.98051997204244,23.853925995752444,2.3106319492186524,21.734624106385063,0,22.47598897393727,37.08898321684027,136.77516196763057,79.79010359502857,2.146901268438845,0.0,15.0,rainy,1013.76780364622,21.843390837823957,1.9085797016953985,1,87.47437427541598,5.829215563901683,8.419538402900095,4,55.97996830309838,18.03038785677272,64.27680799486406,0,4.673173654951296,14.373126576325578,ZoneC,33.23642393679064,-115.25792402992847,14.596124641027844,2.5727145752612817,Suburban,1012.3383871674476,119.96540134039049,892.3729858270572,0
2021-01-03 00:00:00,0,6,1,0,1,53,1,260.76319188190195,0,Industrial,52.2348194026801,223.60646744704468,1.1661701687750017,0.774474420589874,R2,0,49.62629734227623,38.6461009236958,19.1793074295759,42.425795303606606,9.234598543187897,89.23735301864978,99.0,64.3596224698972,12.00863024057516,-24.612583807901025,0,19.41124783338525,28.210766828442654,179.13831509891855,25.17739623077513,0.0,0.0,13.319040238079834,cloudy,1003.104892301474,18.76020962295401,0.6202189276239389,0,89.33003645724077,55.802526505906506,5.539698585400767,2,69.34766877886688,66.2164832946498,75.69899516548077,0,4.75065086249074,0.1126761204515018,ZoneC,36.37220834255351,-115.82631386696728,265.9842273639598,0.8579620958373444,Urban,281.98462870763314,57.8254083532717,224.15922035436145,0
2021-01-03 00:30:00,0,6,1,0,0,53,1,635.7382114083127,0,Residential,94.62816616441654,230.9418146374539,2.752806859192356,0.8572500266302336,R1,1,49.965198954843785,79.87551895669668,8.582388732153433,47.8585487792196,0.0476801707658009,174.70946119853804,96.21936428383684,9.890132931737831,8.51613850968802,14.891806000155707,0,17.069311902457617,34.03867494189688,204.4238899626616,35.137928632854695,0.0,0.0,10.48493725740433,sunny,1011.5975452347308,13.5022131369659,3.580710942615257,0,95.83239502436334,2.5052496944199536,8.041519803885912,2,81.88821920713175,40.96459326572829,54.038406289630615,0,0.8467822684080041,1.5105192974427992,ZoneA,39.30976926604119,-106.49043189546909,259.80195542360855,2.344471571514414,Suburban,637.2192177540101,88.45790768885011,548.7613100651599,0
2021-01-03 01:00:00,1,6,1,0,3,53,1,507.6462698362082,0,Residential,51.92971157424804,232.5052067131969,2.183375920963384,0.6402087155506974,R1,0,49.9887878164825,35.94351139936854,33.1980022732564,48.89319770870519,13.173684003903324,28.891659567755116,94.78423732154693,19.003770882493743,9.8297188358827,-29.779818785493934,0,9.998431768000945,53.95390006127988,972.428551334837,62.795401592158726,0.0,0.0,8.18502280658328,rainy,1009.454198389698,9.346929085331956,0.1167896868954064,1,81.42381212426079,11.791540507986207,18.15441507615169,1,58.67799884798919,36.15921618256414,28.91406562463972,0,4.864277494850865,17.593244076187126,ZoneB,30.88138529842057,-115.25848181576396,15.896609001945524,4.336136614414611,Urban,531.3261853035425,69.14151367262494,462.1846716309176,0
2021-01-03 01:30:00,1,6,1,0,1,53,1,358.8993749368553,0,Residential,35.79397090571746,225.59817599344547,1.5908788861275311,0.8099315098955052,R1,0,49.962011711771765,4.910868998993739,68.10814042045104,11.75871042903684,0.3250053916231876,253.7603888460677,90.4551576870858,38.59038527784149,84.52681016630514,36.093182971940735,0,34.20766184639806,17.13485150133243,79.99527122689926,86.64606003139151,0.0,0.0,7.525168140570184,sunny,1020.5412137519309,32.25649914062608,2.35275031986844,0,99.98716689599785,25.827112095537743,11.776772139322729,5,80.45842775852492,63.23561780799431,43.49356722198963,0,2.979496444717636,7.444260306736453,ZoneA,42.396174660692935,-112.59641071596717,13.352170358316013,1.8856154828931664,Urban,382.3051690145867,73.01900941944477,309.2861595951419,0
2021-01-03 02:00:00,2,6,1,0,2,53,1,495.78281017606616,0,Commercial,45.70652293187856,231.93817873515908,2.1375644703245715,0.757908581592186,R3,0,49.944449846605686,9.032231994633891,35.69324903860322,42.831039157562905,1.054715407538653,171.44037942432524,92.74412723999936,30.38850030663809,2.3852274287064503,-45.95114897998346,0,26.86902888713358,36.10298640931143,494.81061597549785,44.45486751025594,0.0,0.0,14.827157962123366,sunny,1017.7759286534182,24.963529789951235,2.1994994973897666,0,81.83513315504726,16.663465209064082,11.19756510998092,2,89.08563073312406,74.25748027942657,47.27319955902895,0,6.609834234309143,5.2506569005828005,ZoneB,28.592089918152315,-76.72624621247459,361.8794696404449,4.700221626837988,Urban,503.3159017742568,44.72548103323712,458.59042074101967,0
2021-01-03 02:30:00,2,6,1,0,2,53,1,695.7614238020368,0,Residential,68.66808649545185,235.5279467625412,2.954050393448647,0.926958574025294,R1,0,49.90888090035792,36.83773112541671,50.8616340257509,29.382027962289676,0.1634105264507938,115.87159539189668,93.56020291942168,34.311096478570576,15.120406967261973,24.89469361097327,0,22.485361839127496,37.10625981139771,97.8099890282686,57.97979128911117,0.0,0.0,13.42715834807148,stormy,1013.4114848936492,22.400479345073524,0.1893788326046775,0,88.74544987425868,1.803252370934535,4.410066196472714,2,73.71354592291264,66.27945754369476,61.00819740636448,0,10.012123621053014,0.6071691426281514,ZoneA,29.858127472444338,-66.3858585224545,342.784393329009,0.9565933501264358,Suburban,695.0778861429238,87.69936515116761,607.3785209917562,0
2021-01-03 03:00:00,3,6,1,0,2,53,1,357.275869487424,0,Residential,48.963175500630285,232.20752416074,1.538605912012173,0.7747387699278987,R2,0,49.77574560431431,7.799456137801303,24.51611270712505,29.56894810755565,3.664297481732772,209.8684864857736,92.66534121137848,23.26098902581773,14.792281140196552,29.20759018286337,0,24.472952334553405,45.172089358678896,146.53187427316166,47.17396661921602,0.0,0.0,14.138547418456204,sunny,1014.1680729878668,21.02367101476968,0.6141871841876061,1,97.73185630281456,6.016285906356428,54.71031942123916,4,65.47414375067507,61.91229362633306,48.9712979430141,0,2.556672830502617,2.366798877372666,ZoneB,33.94986636091374,-102.60053805578757,137.8757119429428,2.413547741228327,Urban,365.6865104682341,32.31556884492635,333.3709416233078,0
2021-01-03 03:30:00,3,6,1,0,0,53,1,377.90584060690327,0,Residential,77.4023543865535,222.63650077805573,1.6974118766968678,0.6219278269013581,R2,0,50.20993896212037,24.440021357092466,62.90010914809989,34.16635800696969,10.909392424840998,163.7016815099702,94.3843950711012,50.71122773727185,46.22957214993716,-24.248400166074497,1,23.10314813461206,38.17724651497873,177.7835356208586,64.1083632570737,0.0,0.0,7.452940363576593,sunny,1027.3751960017808,21.377409489503627,4.068120956189024,0,74.56499850587862,3.846686526593319,23.7912428560194,3,94.85171405357958,58.933808940404205,99.16497344627275,0,15.396829938723126,8.67261955004347,ZoneA,32.192562572980925,-77.24907054049804,414.6171310311985,0.2102191983633639,Urban,368.0941007200999,87.34013050519235,280.75397021490755,0
2021-01-03 04:00:00,4,6,1,0,3,53,1,657.538397435646,0,Commercial,57.93618906600793,224.45825848416249,2.9294462225458333,0.6070096393118238,R3,0,50.331041404103416,96.30517707738396,4.987738686909854,37.649773565515005,2.443639603770466,148.96872612564772,86.39102535236445,9.545310826199902,3.7450378869621703,-19.649123133468837,0,29.276317549867425,10.007399138719997,79.76855350838338,15.925552067416678,0.0,0.0,15.0,sunny,1024.1372891186618,27.220942738972997,1.4841192669702827,0,96.1715981105914,66.68873555021213,7.315904892365185,1,84.19210926333317,24.640160357451837,69.31520652046018,0,0.7460324696997753,1.1177717317832565,ZoneA,41.40930836242348,-92.60459383765354,741.5552250087447,0.4210928801846191,Urban,678.796451029733,101.29291576429382,577.5035352654392,0
2021-01-03 04:30:00,4,6,1,0,2,53,1,655.1378680350825,0,Residential,57.01794700283472,231.85356292790803,2.825653657256022,0.8195020973237727,R2,0,49.990849859919145,15.208600793582695,55.803106110864405,42.933061545102575,19.802550275798467,82.27401318989273,91.34112933455428,34.79205679384304,1.40712149382638,-28.031851606236543,0,13.506204514565432,14.971132592156003,263.5453144882844,58.76176191176165,0.0,0.0,13.786256911932773,sunny,1002.3593140285238,9.968057937195017,0.5839381234848886,0,91.79207430621756,5.783531005991167,16.947658909399856,0,74.89020356746036,51.519403856624805,30.640088797987225,0,1.814800199430844,4.226560390701973,ZoneB,41.53943850702127,-87.47140163035428,33.792739976615714,0.2199040027510208,Urban,668.3225767115562,71.0117069044471,597.310869807109,0
2021-01-03 05:00:00,5,6,1,0,0,53,1,145.11670226039024,0,Residential,37.15753898098572,227.43167700207965,0.6380672392397796,0.8794960496012545,R3,0,49.94862849316073,41.96287445956084,166.04235832675485,38.24666718542818,4.620979740004051,117.35805630381688,91.89772908854997,64.739223423744,2.441353435247323,-28.413247790462407,0,17.750335893377862,19.334077997003977,506.6865775375265,65.66687022645677,0.0,0.0,10.135405645384736,rainy,1010.4767579019482,14.516388065165838,0.9058710191818178,0,98.33780687132268,16.396443038170897,39.47019910326653,4,83.08650490795753,67.09335854439335,67.84364786200587,0,21.740978346225248,4.974503707043136,ZoneA,26.63719499782707,-81.59549273195967,502.72506613415214,3.939468014036792,Suburban,171.05927057606394,208.00523278631567,-36.945962210251736,1
2021-01-03 05:30:00,5,6,1,0,0,53,1,673.3725515089978,0,Industrial,100.0,235.32916346346232,2.8614071524269327,0.9111030807170226,R1,0,50.35502918364007,103.42969848832809,61.60416026564963,27.41351088138864,3.118505205133882,144.42454575057613,89.80584521887307,17.268098286966982,2.330568335072154,6.09827178800784,0,32.33250135558363,23.47630754191995,67.76852562098149,49.62914215555868,0.0,6.955844478539122,12.571295393153989,cloudy,995.7060895590656,30.088397101338952,1.087002853247636,0,78.6245642206815,84.14747687310356,20.552060945741765,4,83.74967400772255,66.08488401399336,72.94542185456497,0,5.142892423221342,2.657225798580436,ZoneA,32.33182727823839,-65.29932160928564,9.898109155973264,0.8912209787435874,Urban,658.2993703054896,165.0338587539777,493.2655115515119,0
2021-01-03 06:00:00,6,6,1,0,2,53,1,471.9815874874729,0,Residential,100.0,228.6312522707716,2.064379138021331,0.9170580773651558,R1,0,49.97395798394553,116.41888844382753,40.110618550449445,25.197998009004053,6.626173608537513,191.7031658709198,94.42989584763448,10.864550305244034,10.786016389225985,13.595379870116467,0,32.52157227113027,8.584617900970217,0.929659527476389,49.68041645628882,0.0,0.0,14.289501720567388,sunny,1005.5954988527196,29.62663093507536,0.2700959645532539,0,35.836548847424915,24.00656155071201,9.234083467783842,2,72.20005524351194,61.44535655057037,37.53975687370934,0,0.366597330137101,3.7261250038364655,ZoneC,30.91747952639205,-112.70758606764068,495.0740324896764,0.2552692621311448,Urban,468.61820817785417,156.52950699427697,312.0887011835772,0
2021-01-03 06:30:00,6,6,1,0,0,53,1,587.601641112892,0,Commercial,84.21527463310522,225.5431895024743,2.6052732623365062,0.8847943434786217,R3,0,49.675968250223576,17.641541190440645,25.29721956498292,27.359768723588708,0.6995502919748464,245.56009765111028,92.91026473003508,9.730174166447336,0.7439593284195117,-4.616802675581199,0,14.33233067954084,1.2488072420191934,695.3050758139503,19.87181267167206,0.0,0.0,5.401345099559483,sunny,1024.9943399201954,11.019253193738066,2.5399529197017907,0,95.99820307506606,31.878515681104545,1.2178980805893869,1,60.292347577275685,73.79855673031338,38.23137329744546,0,13.593836902692203,2.6692708031760493,ZoneB,40.43570979075113,-92.71542712367103,478.57951580105566,0.5381284568467166,Suburban,622.0089978859825,42.93876075542356,579.0702371305589,0
2021-01-03 07:00:00,7,6,1,0,2,53,1,765.0401280397365,0,Residential,54.65887197850256,222.60456308189117,3.436767501294642,0.5961666008700387,R1,0,50.2964563776541,27.836468922115653,63.22475289912703,36.17145146908717,5.349756477043766,337.0240126786698,90.05514573178633,66.22484927622921,28.249404757635823,15.731432498957496,0,24.899120830922023,42.56758624725108,951.5823734752968,52.53716179443961,0.0,0.0,5.177332201657657,sunny,1013.1715578883588,22.070472435609798,0.4744310142895859,0,57.753357167015686,16.89484187562156,3.676658955656626,4,83.06194124598775,29.358966903421848,23.70952009240964,0,3.5640582928279145,2.7682971709222146,ZoneA,36.57351307513259,-82.05829448853586,56.46598657327216,1.6134583059136798,Urban,752.9661469140162,91.06122182124268,661.9049250927735,0
2021-01-03 07:30:00,7,6,1,0,0,53,1,245.593828772969,0,Residential,69.1474382867142,223.32847428392964,1.0996977862336184,0.8660867808886678,R2,0,50.13417745003347,38.76219509635512,13.542318092161558,44.58632734800506,6.931715450902579,302.739534740656,92.43320000471336,42.60599879796212,10.896048710504775,0.7478792018777494,0,24.64615406271223,15.706282429468429,1329.4065140935702,39.258651690244776,1.0599609359225974,0.0,12.372874828013764,cloudy,1013.7450788223808,22.665090323825662,0.2227815652485553,1,99.3283992045218,2.2020781908063345,9.071421568854708,7,72.39007414967999,61.41761580426763,41.61842576266094,0,0.7224723338205528,0.1945270388464537,ZoneC,38.82513076696325,-95.17190086835978,77.28835245589981,1.7746653562142995,Suburban,234.2268382217486,52.30451318851667,181.92232503323197,0
2021-01-03 08:00:00,8,6,1,1,0,53,1,472.4710531915579,0,Commercial,65.94727476096601,229.1141323234504,2.062164600673999,0.8649362728904234,R3,0,49.93126456658174,75.58366701896698,110.82298648427432,43.54223963503616,15.602994335413351,206.5882247952111,89.73677540205972,22.757491963134022,1.4631042020368512,20.368122843863222,0,15.085752050875724,28.041650688025616,438.6909406045917,42.91549762008262,0.0,6.955844478539122,8.831463683287485,cloudy,1008.6035984724842,11.979918530266092,2.0423933941388706,0,84.55220865153507,25.146587385935483,6.46595418178967,3,57.3496115573477,57.013434194797405,55.24345942145309,0,3.5926896718849117,0.6198545532100114,ZoneA,28.11787473618159,-120.90785780721542,117.654367727774,2.400421046103562,Suburban,494.0905574188776,186.4066535032413,307.6839039156363,0
2021-01-03 08:30:00,8,6,1,1,2,53,1,667.3074972959994,0,Residential,73.42489269022624,229.22619889925733,2.9111310160025576,0.7728350285387837,R1,0,50.0728708429417,85.68141788487367,44.055985978280845,37.40229503830685,0.6094076116470302,73.35494497232537,91.17094424173531,29.504704715369307,8.43979092823638,-4.830073413471493,1,33.70782496897631,44.33470622231981,223.5457608807296,40.19032464120215,0.4162744007572233,0.0,11.936217634882102,snowy,994.0204322334388,29.812087048179045,0.6003666218079009,0,93.93269913077084,20.644510693668376,8.698605526619055,4,69.70337492132217,17.195132655361547,60.018873775111416,0,3.3998668360210105,14.306919878256087,ZoneA,37.09858182147516,-90.73892557709482,168.43548174666134,0.2017173710829571,Urban,697.7164511722908,129.7374038631545,567.9790473091364,0
2021-01-03 09:00:00,9,6,1,0,2,53,1,1210.0836138330235,1,Commercial,90.45580137950554,228.6571454051706,5.292131202323932,0.7694747804857456,R1,0,50.19114697607738,62.93739260234835,40.32030161989668,24.69772474416851,2.0427780553398387,237.16542214815988,96.27600091623232,13.486774644072346,1.0532993422190309,-32.17785771275518,0,19.5066416420762,13.032395798336331,178.9381196184308,22.61189585365711,1.0599609359225974,0.0,8.93529747002978,sunny,1007.785534979816,18.307149120452276,0.7406105710852655,0,95.8880936087018,6.473824326417871,6.460687027273838,3,35.64584619209393,0.0,82.22012531692616,0,5.573892328377614,1.2594622043609234,ZoneB,27.59489347303273,-120.31852703009328,181.2379818611075,5.371507869244342,Urban,1210.31967243749,103.25769422224502,1107.061978215245,0
2021-01-03 09:30:00,9,6,1,0,1,53,1,858.7875903798433,0,Residential,80.63645593844255,230.4385276574403,3.726753503895316,0.7375906567767702,R3,0,50.16899557815553,40.02867311339479,354.47263935455464,44.06752138975391,7.428917481453366,308.51639702449523,93.41166083892804,42.21181175060615,40.35234586548204,42.510503485621065,0,-9.45159993032675,25.0372593509274,143.1900207263673,65.86826627166553,2.146901268438845,0.0,7.670498742224372,sunny,1033.0187509315328,-11.17177164133024,3.160330812711656,1,96.050575428258,4.4580548547230805,9.371309337358824,4,76.62436469482904,35.49163035433903,71.44678877439603,0,1.546044714951217,0.6031721725628386,ZoneA,26.316420075290186,-79.35806932268682,86.23330621229596,0.8189862102228864,Urban,906.5619414566864,394.5013124679495,512.0606289887369,0
2021-01-03 10:00:00,10,6,1,0,2,53,1,790.1837219178776,0,Residential,67.758401777018,221.44415739578173,3.5683204795762644,0.7615565009166659,R2,0,49.87100228085594,0.8452388234326922,64.43517087509187,34.702138612728895,9.31042536928602,277.9514292643867,91.73109442995906,40.45171527926235,1.6117086585778386,21.520234327211064,1,14.020104522927229,16.804378049480757,388.8835186679645,15.135699864074343,0.0,0.0,13.118516697345475,sunny,1016.4435960335992,12.502055307611204,0.7161468779487168,1,20.10851561666562,11.488463948830924,38.9403782048563,1,87.93261734790985,79.20185638997701,42.73063869835397,0,2.4200340632263115,1.82951196517226,ZoneB,34.93564720846774,-102.80004888534482,272.4608987186456,0.140243915974919,Suburban,786.6257007041761,65.28040969852456,721.3452910056516,0
2021-01-03 10:30:00,10,6,1,0,0,53,1,256.44245936752776,0,Residential,58.8506348337897,231.5390807262923,1.1075558327480548,0.8812442153923516,R2,0,50.19757924121488,7.5686204826363985,108.05119540885704,29.4246992730747,0.98731583879713,203.70340949263775,95.53578217577976,8.44972960858531,41.92559088367776,14.604754707295504,0,28.498800045714223,32.61901363033683,22.3702161858176,81.84236949957231,0.0,0.0,8.23172648960824,sunny,1010.5172921666676,27.00346733421015,0.9586480560161644,1,82.54378244334312,39.69629598216827,0.2298410905426451,5,77.26986040835155,50.86688880474156,73.38095580203853,0,14.163172282490796,1.3779902273893254,ZoneA,40.59402263066325,-102.52414481279294,188.16844182859415,7.487356249975715,Urban,244.78648015490677,115.61981589149346,129.16666426341328,0
2021-01-03 11:00:00,11,6,1,0,2,53,1,635.5666954172461,0,Residential,39.88879552112974,227.52088514039932,2.79344331411619,0.9172249829389928,R2,0,50.21243544226403,78.73063873164303,90.77610161422614,39.90027783683541,5.888368673258602,208.42979954654865,91.24612280375396,14.030037443675308,60.3991805378091,64.72621796955174,0,18.17531263472038,21.45406389898082,235.40122269195965,22.75697144621608,0.0,0.0,10.448923148285871,sunny,1011.4675532624108,14.735200692607831,3.881854204669974,2,98.42209118524966,27.950593918756667,8.869837016237048,0,27.51992839449762,47.51818730149237,69.08631314478593,1,0.4649424563725454,9.268136590871867,ZoneA,36.52416167039101,-84.58644527018743,425.7468813658245,5.358481099263702,Suburban,641.1873642186226,169.50674034586916,471.6806238727535,0
2021-01-03 11:30:00,11,6,1,0,1,53,1,187.43536506071544,0,Commercial,39.63572484819373,220.04472351804336,0.8518057695909531,0.7123993529855542,R1,0,50.07807643325867,8.68350899754599,21.61027077251801,42.03505403357954,2.86144107344084,38.71460599167471,89.83337377037095,8.746679538991481,8.375732516867691,-41.77407175397684,0,8.54147524136513,25.520055393422613,222.8773961267225,52.02465897332532,0.0,0.0,9.37649875502506,sunny,994.7127049802756,6.614097795666942,1.8667489531568735,1,48.21368023430737,23.371652420568854,0.9069791405769132,1,77.27228436616093,51.06663105879948,60.78493059728558,0,3.1812139108944866,4.813275325390872,ZoneB,42.39125492024187,-102.2596318020997,17.518606635995525,0.3134092495925534,Urban,200.43513265614675,30.29377977006401,170.14135288608276,0
2021-01-03 12:00:00,12,6,1,0,2,53,1,645.7224318843809,0,Residential,62.92283232658109,219.90435759133683,2.936378519084968,0.7998061849354937,R2,0,49.79212532630555,2.0475588235604163,8.027540907625754,43.83738064648624,5.108960734461633,150.8625980715512,92.56267457412224,29.50054361881848,3.5691260028150253,-6.722483634693839,1,6.626251420894301,15.738672300431078,34.59173735710809,86.745621184866,5.276096742453148,0.0,11.569471025018728,rainy,1005.489963351049,5.47680873694822,2.101757563646012,1,96.11975331010876,31.815519814519494,4.466938102659061,4,61.28289194286659,8.3249520062449,25.269171488307013,0,4.346028873272151,4.366362200622367,ZoneB,31.328189616088167,-109.90730740593328,40.56708233967209,1.445173184668477,Urban,624.152188092402,10.075099731186173,614.0770883612158,0
2021-01-03 12:30:00,12,6,1,0,2,53,1,428.85532857998845,0,Residential,91.19191829073505,219.07969404164123,1.9575311644285684,0.7399006980204864,R1,0,50.17594340077916,204.37186559006108,3.5159896217503617,29.80371685472462,6.947861961289946,71.6218380868429,93.48675636782748,21.111709059854448,19.50555608953345,5.50991975618484,0,11.197858738214023,26.498935580779182,10.040800186578029,35.50767561254249,0.0,0.0,9.914827357556184,rainy,992.0778982386576,10.931968778524778,2.661756877057867,1,87.58044714251531,13.898087551700876,16.689300389351523,0,89.48450787466363,59.8497211033822,76.338743633328,0,2.4828688504982765,4.936051953522707,ZoneB,35.32718083830727,-97.87773118020152,91.90879008530108,0.0239888416391961,Urban,409.2327631573944,207.88785521181143,201.3449079455829,0
2021-01-03 13:00:00,13,6,1,0,1,53,1,608.2854567286307,0,Industrial,54.7352122780037,226.12070017868749,2.6900918679623094,0.8467504422344315,R2,0,49.85514610105935,37.006299570512304,73.74096355292791,22.064587286014397,7.5146348648202,240.58408199101456,92.56326101940428,36.51231089013617,7.5068975111414,-8.03118256312196,0,28.47588508067086,23.21549490273741,550.5558510143184,54.66221551399977,0.0,0.0,7.29085130808828,sunny,1022.233615863231,28.256229279298488,0.2960988658365954,1,98.45394405911613,5.694275861430466,7.568554392552733,1,70.60449428153073,50.90540135693646,26.57866359989064,0,8.996357102843225,3.627318738289404,ZoneA,28.5148175767811,-83.43337055801305,20.112859603488666,0.2934231763935678,Urban,614.747317229504,110.7472631234402,504.00005410606377,0
2021-01-03 13:30:00,13,6,1,0,3,53,1,741.7091423751507,0,Industrial,57.2055632269045,231.67086163169964,3.201564224137466,0.9435270165642284,R2,0,49.92599976626135,120.62861173293147,79.42185449625435,53.12511724083825,3.031837417025553,310.03141177648496,93.93627087938796,32.59218480807973,26.29726699298352,3.0013150164343867,0,17.0271924718394,18.200638204573856,64.91606211173122,87.02228079039965,0.0,0.0,13.795515031731227,stormy,1004.2413048629876,16.824256350162756,0.4949705231584527,0,83.72850115063224,14.18119871085435,0.7988551897601026,2,89.55535579707583,54.8754044352277,61.00618134898976,0,1.6050206963719789,2.7446369961797896,ZoneA,32.6344630556803,-115.72332694010989,414.7644723268172,2.4509061606216878,Suburban,751.2714729383467,200.05046622918584,551.2210067091609,0
2021-01-03 14:00:00,14,6,1,0,3,53,1,458.23393703606166,0,Commercial,51.75824447866992,220.44895582757485,2.0786396348117493,0.9370392616073628,R1,0,50.19763337942041,83.73021617272926,61.73542084048118,39.86636936873848,1.3947410830060658,92.61984701957046,92.80366797060998,13.406725187769316,30.831299995672325,26.921020724174976,0,16.136360707522783,8.159846453255847,5.576376410333096,63.43588003400925,0.0,0.0,6.277824907206437,sunny,1010.8451358078504,15.753367625654787,0.3331941024469244,1,75.29336205655206,38.972888816777576,3.878882555737711,0,88.04977559925007,25.7806828730557,50.67008193768141,0,3.090386083087414,0.9442193319348886,ZoneB,29.349126327666006,-94.80383852321238,210.24341810723695,2.118064708292924,Urban,460.7111613849835,145.46563701321045,315.24552437177306,0
2021-01-03 14:30:00,14,6,1,0,1,53,1,258.5025449365052,0,Residential,42.62057076460332,224.99672654447676,1.1489169149552276,0.8030671610734105,R2,0,50.00821518434524,23.967352038905965,18.85912787907192,40.96254348965821,10.040991974012243,218.07215287722417,90.02234226145279,26.134828779624264,25.498928458912538,29.495768202618144,0,27.58334162499903,29.54711408313615,275.1389857713094,35.66074189783236,0.0,0.0,4.634330422125293,sunny,1035.0286238937551,25.250081481781464,0.1881860303845796,1,59.48673261844747,31.32202754612255,5.082587026925493,4,61.48625738946721,69.82814754030275,71.70106645051494,0,6.697339461864088,5.271713405960651,ZoneB,27.036248775845923,-111.95456064333456,228.5571506052625,4.520408212908446,Urban,242.0121621909126,42.82647991797788,199.1856822729347,0
2021-01-03 15:00:00,15,6,1,0,0,53,1,316.8340698051872,0,Commercial,98.05261621498316,228.91670235709705,1.3840583345069513,0.6954127609847495,R2,0,50.36852991310724,143.71635545781618,10.967528562263585,24.701534144604487,0.6616811560131843,201.4146673661772,94.22128589090264,23.211048108832223,14.86803459429686,-18.41341874791541,0,24.85197164905663,38.034697560379584,431.6885290526587,35.796616820616755,0.0,0.0,8.233430294952127,cloudy,1001.922277433169,24.577884224479178,0.1832268438333348,0,76.46002039129213,36.05348193730124,12.245691197099717,2,79.12966080124139,42.88749765979187,47.36200580418482,0,11.08717538668943,1.2710228139802426,ZoneA,35.17606183008055,-74.5586110535238,99.01389555645484,0.1628830699031351,Urban,331.74065284914866,154.68388402007977,177.0567688290689,0
2021-01-03 15:30:00,15,6,1,0,1,53,1,627.122708882761,0,Residential,52.40709690947277,232.83482666105465,2.6934231355160807,0.7300889012247362,R3,0,49.708811285792464,131.07673845535265,160.3799259734262,39.51987850757937,7.478205109234343,108.84330352570052,93.76047403933056,6.094736323221288,36.374187703525614,45.58011450875684,0,8.003858560203135,34.1329519220975,303.74563166820235,44.23241438090167,0.0,0.0,15.0,stormy,1005.764410305268,8.471476288027436,2.9544982839669043,0,98.7034951460759,16.176383436368766,27.50272511421413,3,70.3872512181398,31.622300138497035,71.02870583182398,0,3.645988071555672,3.898002313170018,ZoneA,36.54806081617516,-86.73062063361785,11.057850929031495,0.1766078275909787,Rural,621.7000733538209,291.4566644287788,330.2434089250421,0
2021-01-03 16:00:00,16,6,1,0,1,53,1,288.05713539447044,0,Residential,60.34727116007589,230.52206548098064,1.24958595522491,0.6421423041073776,R4,0,50.12077852325054,79.10935398130292,42.24033544393262,31.44985295124105,1.193093123494266,2.9941314973081923,94.18646644950287,45.8308696038554,2.500423585361436,-7.7585574405682065,0,18.555413403615063,9.697697066720776,364.7095566283895,53.15603469297675,0.0,0.0,14.076565342543145,sunny,1008.4199168433132,16.912144621920824,3.785308118632849,0,77.991898574256,91.54936591216207,15.048718740356176,0,76.26646648621802,16.321857506129753,71.758448930009,0,16.407263271989024,1.2971677312433458,ZoneA,37.32650698823868,-92.13362868479626,256.12635524445784,0.7963955153623167,Urban,268.5581074953663,121.34968942523554,147.20841807013076,0
2021-01-03 16:30:00,16,6,1,0,2,53,1,262.8273694166313,0,Industrial,78.02178444251167,229.47421266537867,1.1453459905749346,0.9666904051362124,R3,0,50.04555449869957,9.8112151021865,13.563086160299132,49.69271414075115,8.366359849059835,58.61922839335976,92.44235506532056,24.21929755267937,1.7464514062171224,-14.713256577614878,0,15.286289645378355,19.45737952043912,63.18894171599248,59.31856334027157,0.0,0.0,11.649447907851425,cloudy,1025.2840674357135,13.653297997560902,0.0448896303945289,0,99.31805415221704,4.592759505782949,10.30652755850146,1,69.3636767850939,49.48816268967444,27.702774183012885,0,8.832724253962814,6.255005493099606,ZoneA,37.5319074101502,-91.06111542555266,144.28042495194956,1.4984115027398357,Suburban,241.97688536849267,23.37430126248563,218.60258410600704,0
2021-01-03 17:00:00,17,6,1,0,1,53,1,82.66219943015662,0,Residential,71.47052570860978,233.37035688107665,0.3542103655961777,0.9608528807700004,R1,0,49.75307042614107,17.394796239038886,25.6326764648405,26.583241828171516,2.175605144560385,14.012068199213266,92.36552030812496,18.24289125965021,19.51240114603485,-6.438284246643967,1,31.22469735972121,9.128421148657749,332.55699853361824,71.67638236276484,0.0,0.0,12.240589365715843,rainy,1029.7019109046328,30.191948291207773,0.3621922968394804,0,21.00436929889947,2.72460241385882,7.668731895290923,2,55.37653571251822,31.60207878037407,79.63721099099888,0,3.3004850489929884,2.5156025771758515,ZoneA,40.69756863857707,-80.8716981979929,1226.71980341407,5.4531655322343,Rural,111.71087453552876,43.02747270387938,68.68340183164936,0
2021-01-03 17:30:00,17,6,1,0,1,53,1,249.83946615244352,0,Residential,50.215723293590415,228.1805803894562,1.0949199345799725,0.8571130239242091,R1,0,49.879911691517975,146.14549947682957,221.55750562628117,61.51059674705651,4.736185327362264,184.40040554618253,90.94790096297584,42.50290857917887,13.325286080373164,-6.07996534047221,0,44.31154043634671,20.520635523364174,88.75088839828862,15.172185255810083,0.0,0.0,15.0,sunny,1024.2284114354466,42.416311992466255,0.662030895363177,2,84.73346875924555,4.8056401304452665,20.006731021095227,0,77.45421605526678,61.3685607180874,71.71665024317814,0,2.6453465136196925,2.808664149813761,ZoneA,27.63549609941891,-75.6236804470955,423.46853840935256,10.277871395112191,Suburban,258.2177772594746,367.70300510311074,-109.48522784363615,1
2021-01-03 18:00:00,18,6,1,0,2,53,1,369.19683866518,0,Commercial,76.44013315518839,235.44312417025745,1.568093525628722,0.8762673887233116,R1,0,49.82192269260464,45.08439067126307,17.714473670822063,43.8103242934808,0.0462682613615949,274.64663405153567,92.87677930731434,9.241754303456936,24.044407131881453,-2.089776633702263,0,19.421708831213607,41.380451084549975,18.8206053040961,83.0019841422149,0.0,0.0,5.883803897425793,sunny,1013.5373066368994,16.591753790174046,3.990714283636547,0,96.97495154959354,20.8077386195188,21.453228910588503,4,68.17871432288739,60.93241023389651,88.90681606406687,0,0.0944105761321186,1.3106528616767652,ZoneA,33.18569662547372,-114.25891575772611,79.72548162765453,0.6354482029655714,Urban,371.3820827764294,62.79886434208514,308.58321843434425,0
2021-01-03 18:30:00,18,6,1,1,2,53,1,206.79873910776087,0,Commercial,99.03713604536958,239.71808656276264,0.8626747446259844,0.8767612526205847,R1,0,50.2345742025559,9.059240555100248,85.23168393255732,49.74550935231113,9.086964881612728,317.9071080730278,92.20507384750992,34.87448722026605,20.089042238620483,15.257170941432648,0,12.330569334593122,20.61542284671465,27.912494025098063,33.75679783830769,0.0,0.0,9.513897207525424,sunny,1016.7882824193464,10.3405416146179,1.3598598617516546,0,70.61382087197035,21.752362857104043,0.3107929234450958,0,70.36621348926694,60.29769238231335,65.00524980277918,0,0.6549673754750708,0.875820082610807,ZoneA,30.3506964929663,-80.65364673407143,273.51313382652506,12.879948944885458,Urban,187.3322482429604,94.29092448765756,93.04132375530286,0
2021-01-03 19:00:00,19,6,1,0,0,53,1,231.4109070192192,0,Residential,56.72887219578108,215.0663287409448,1.075997848542633,0.8828225726203255,R1,0,49.84534564878805,111.8128643463348,63.08146430289247,25.2217693790478,22.86270262491136,55.89986655591101,92.06020137461184,12.814567980374685,16.752624501436326,28.03398577284972,0,16.502272338516192,18.50790997083386,181.28189144890484,68.01822594331736,0.0,0.0,10.897939036081372,cloudy,1020.9821175906364,14.190574934110378,0.6198278613144164,1,69.96748908199197,15.236198913893414,5.638154756287528,1,93.48888862466532,34.17658202729605,98.5841468246923,0,5.050749154910513,0.3917209578202461,ZoneB,30.38920742865195,-112.77289038709712,141.29238182018705,7.02009264298827,Urban,216.8159427743902,174.89432864922725,41.92161412516296,0
2021-01-03 19:30:00,19,6,1,0,1,53,1,691.8649511881853,0,Residential,59.69855175457646,223.44622559366343,3.0963376058378382,0.665790871395654,R3,0,50.17965832607444,54.25736170007428,115.69621438591284,26.09725296676128,9.159921315741771,244.3367918085218,92.76450862850078,8.92767340724927,14.159542337953647,-37.788510505166045,0,28.71229221767691,13.19945262716634,38.19741999909567,75.89615712730158,0.0,0.8235778136173985,9.936543595778431,rainy,1029.8839790576262,27.26464936620567,0.2626823869978968,0,28.21765909926132,10.222860015316986,2.378219733309284,5,73.57812839909566,72.90863780384494,81.67393082855708,0,2.807756211890337,31.78840414580408,ZoneB,27.32713859685549,-66.47076337883549,96.61686523895638,0.9051995264652885,Urban,696.0204999466558,169.95357608598712,526.0669238606687,0
2021-01-03 20:00:00,20,6,1,0,1,53,1,528.7419028193373,0,Residential,77.19558659061137,231.94374624223332,2.279612670682395,0.8317957183653122,R1,0,49.74858175987772,123.0682715506384,23.377449530637374,53.32803369884441,0.8231079885972659,105.91832358693745,92.21066781727905,40.60221865428744,9.049143383078334,1.3059591510348074,0,19.762330569227444,41.10352102289336,63.11754000339511,66.46566144659865,0.0,0.0,13.43712623982357,sunny,1013.7182438772488,18.796489949213157,2.9772270261734484,0,64.94426617327967,3.791974518602792,12.295086150226323,1,66.81998382438871,65.77744058393658,45.88347456970087,0,3.9938314336397056,3.187983709530676,ZoneA,33.20979360469174,-91.91544611402604,64.75324618260842,1.7617033217745233,Urban,548.4836734710925,146.4457210812758,402.0379523898167,0
2021-01-03 20:30:00,20,6,1,0,2,53,1,286.16493656478235,0,Residential,42.2480922557824,237.75301232930164,1.2036227585980168,0.7257984576904729,R2,0,50.29698763244975,105.2683393884294,44.803724089344456,28.475147969481355,0.4339351292967958,331.2794593657409,92.928463468109,22.39013463095753,16.305026990725644,14.523975418326057,0,9.912571119939958,30.62771700914352,491.1054675126318,10.08239012941291,0.0,0.0,9.501380492783513,sunny,1019.7753680870396,7.165655561053557,1.0540582363603102,1,82.42266289401108,17.841822641556433,6.741000469326327,2,78.65214672872446,38.6213985431935,52.0639267772513,0,9.48467522316134,0.0651142655973525,ZoneA,32.75916761626392,-91.46048912740548,17.240039285959394,2.293789987475355,Rural,264.16052062409256,150.07206347777387,114.08845714631867,0
2021-01-03 21:00:00,21,6,1,0,1,53,1,163.8808073286464,0,Residential,67.07334338646324,235.3709069077091,0.6962662016376792,0.8093341575406395,R1,0,49.8099609865206,3.8673267752782623,361.2655229737973,37.58199058671829,6.527621072645524,95.83239496866256,95.59814511736002,25.512696272755264,11.931602137618766,7.373602868306791,0,19.991653206884997,39.60354699606191,147.01870352936405,69.4828809242084,0.0,0.0,5.825594204536146,cloudy,1010.4472581417724,17.196629523761974,0.7401380111265639,0,53.02185636860671,1.3610614169952515,24.66573927679584,0,58.8332229430487,50.27473425166245,39.18885049866372,0,0.2346282580444457,3.2489109442339026,ZoneA,28.82639678844624,-103.23363780756765,87.77183519901524,3.411144052548066,Urban,128.88658692085616,365.1328497490756,-236.24626282821944,1
2021-01-03 21:30:00,21,6,1,0,2,53,1,208.8909851467012,0,Residential,88.57870356771295,227.67935591242932,0.9174788127345432,0.8127836780943004,R2,0,49.81189410330112,121.93489207402963,18.48866304879096,32.39009971666859,10.189896558354004,273.60296673300945,91.20716504867994,5.916407461128104,4.57405736561477,-5.864214070782817,0,20.970816970676843,14.689301733720647,125.91929130957328,95.31419797281612,0.0,0.0,9.498993489643144,cloudy,999.847797097744,15.887122626448122,0.4162013289643209,0,98.0502125596357,1.9717137555654087,5.090299046668044,1,54.0800675798253,38.76694893788272,33.97568052014686,0,4.8160678506070695,2.0707860321362417,ZoneB,30.77530625532895,-104.14249656501974,463.9210015702273,1.009709072808214,Urban,198.86494949085912,140.4235551228206,58.44139436803852,0
2021-01-03 22:00:00,22,6,1,0,2,53,1,248.22407490055204,0,Commercial,83.6206760778323,224.40388763580063,1.1061487281513176,0.8673104602080541,R1,0,50.6852542860171,8.262502841102789,192.23822064212183,35.470518626389065,0.5804409017908798,50.32623607500075,91.12048460468408,55.6197717667576,0.8445565535740379,-4.443399407500493,0,14.16293372770025,40.21166908686153,978.4064394310712,28.50684457706319,0.0,0.0,10.951370722236875,snowy,1017.5309193704804,12.355606903048892,4.4789171036350135,2,87.96626712764237,40.27508447168767,2.4997328520880093,2,91.07386443503049,86.99736717996916,86.47398813647865,0,9.503177385997708,5.0318475753487135,ZoneB,41.34466170651578,-90.14785521273052,42.39614180745671,1.036290456630809,Urban,210.60645280461583,200.50072348322465,10.105729321391207,0
2021-01-03 22:30:00,22,6,1,0,1,53,1,519.5597924039071,0,Residential,11.95357426222084,229.6344584502412,2.2625515173563944,0.6257957144584032,R2,0,50.117876712252254,136.56202734180184,57.8001241358333,29.62949978251222,2.741129531914437,233.4646382092049,88.98574541237576,54.26561189330026,33.524575929656585,0.3723130289676533,0,29.53115923704776,59.98354199768006,367.8643018943094,63.69391006350623,0.0,0.6032883484690931,9.457855596648598,rainy,1019.231782534244,29.6245439108368,0.3370431389819783,0,83.53641495167643,6.458827749991959,2.9510090669427944,1,94.7375650982783,38.158055995397945,27.97472676050129,0,19.25510418534449,1.105777324462652,ZoneA,27.790969391164705,-107.15398176232036,131.5696992062238,2.8920791288784127,Urban,509.2533406215274,194.36215147763517,314.89118914389223,0
2021-01-03 23:00:00,23,6,1,0,1,53,1,852.9961452978293,0,Commercial,62.40639329089135,227.45387763664988,3.7501939037524905,0.7116610780190451,R1,0,50.03493460144069,66.87902544447813,12.522277854711126,41.28289791149215,9.339547145351448,41.98882637625176,90.58958983550606,18.71919433048263,1.5545911135049977,-21.83353356280092,0,12.061383012772778,34.815208223756,17.225059224811314,55.67048195777144,0.4162744007572233,0.0,9.991827923275268,sunny,1024.2268082361834,10.44556189320656,1.0920085097048382,0,70.01858265346256,39.49543227864237,6.372356529824045,4,66.38378229879952,35.51944792827504,77.83061502741053,1,2.588625506215432,1.6528863480608722,ZoneA,32.664455102961526,-101.98439211063322,102.98009586543758,0.027386114956309,Suburban,879.6745428477029,79.40130329918925,800.2732395485136,0
2021-01-03 23:30:00,23,6,1,0,1,53,1,903.7462006365082,0,Residential,10.0,232.46290946407717,3.887700634565815,0.9341155831863456,R4,0,50.09644004604137,9.793949031046829,70.2089414246387,26.910072828782404,1.7904050753334726,19.523607205592928,93.6793697358,34.21772143038912,52.089098121860985,-22.385882025725078,0,19.1030586432628,50.83098395746533,106.3862237887703,64.22401595790028,0.0,0.0,5.109589974381755,sunny,985.291560954624,17.503589995670172,0.1656811297951308,0,52.77982048639544,9.258992541035385,6.979797033863125,2,87.13223842004777,75.68404524148013,67.03133989238069,0,5.675101664817687,3.646574010008387,ZoneA,31.43570403515641,-117.85441311553647,482.8327877447154,1.015422106906977,Suburban,888.7307319851022,80.00289045568552,808.7278415294168,0
2021-01-04 00:00:00,0,0,0,0,0,1,1,202.0135805784261,0,Commercial,89.83918642258601,235.65877464729988,0.8572291903018292,0.9842731579105304,R2,0,49.959653991408935,47.947371936511885,25.45946202102172,39.68949491187469,2.136972128672268,60.11994535142587,90.4856688162506,36.898752800844186,0.7484224624508905,-14.320304468259897,0,18.64853592414515,19.773030429399245,965.9005288592566,40.363589005945926,0.0,0.0,5.580042863627467,sunny,1028.1960723679854,15.161806969618542,1.555827047682147,0,90.78675053022532,16.049370139022002,0.9882886120628472,4,51.04571697850309,45.387523184502186,10.542167717516255,0,1.5269166933218523,3.670243373753695,ZoneA,38.81151910245151,-99.40018765605151,2.748171178418083,10.427628586261829,Urban,171.86736914168537,73.4068339575336,98.46053518415177,0
2021-01-04 00:30:00,0,0,0,0,2,1,1,641.3270168877527,0,Residential,80.01798667010065,234.7231239648014,2.732270285325296,0.7328902804375802,R4,0,49.71614617687137,11.823312011732062,15.680491434108548,44.48417234240773,27.25139025402504,231.2698029483128,95.8212314160194,18.48048050820552,16.336102522427645,32.07792212779601,0,11.775879946225952,51.70515363170259,515.238840075358,22.336486102673877,0.0,0.0,8.293734598595972,rainy,1014.8009980621608,11.505412689889592,3.0776848851307186,1,72.77109994698141,22.045408333857267,14.73554452495511,4,73.98187099108024,29.05763510628328,68.21096200823585,1,1.0441237694793613,7.894170231091736,ZoneC,33.85113376870368,-87.41913699530824,18.554095681178676,4.599840698257902,Urban,626.9429485689474,27.50380344584061,599.4391451231068,0
2021-01-04 01:00:00,1,0,0,0,2,1,1,443.5323789132461,0,Residential,79.78385176462764,228.4084924907923,1.9418383882163488,0.9131878961448796,R1,0,49.83754116331414,112.40938990971868,78.29543400353789,37.74716787705013,14.740776614986398,314.6412913387468,97.18029874895318,17.73536705667993,15.593827798346275,37.52173916410273,0,35.09535473847629,3.635809027776215,47.13182311961755,19.746711185758365,0.0,0.0,12.270186640341471,cloudy,1013.6082334107552,31.73255911699304,0.1671078942533782,0,91.34402697654762,6.590455982671727,0.7466706685964654,1,68.91426013593815,54.08114924970727,86.54805985842057,0,7.107032020737822,12.736093721800716,ZoneC,26.60023589038792,-114.36589273782944,46.0500125022339,4.734282394231624,Urban,461.48706864899634,190.70482391325655,270.78224473573977,0
2021-01-04 01:30:00,1,0,0,0,1,1,1,486.5362176704147,0,Commercial,52.82606699481544,235.3347798504576,2.067421644941653,0.6746103245559288,R1,0,50.135858334192896,14.786373835570132,168.11037137486824,43.81321574879278,1.9035981193659932,76.25059002795507,92.41465281905508,36.25294168374099,21.866903990790654,5.360924286728083,0,18.496386050940263,17.011950162815793,338.3000275284652,32.063867172757924,0.0,0.0,10.144552712287489,sunny,1004.924130331452,18.66495393573694,0.1351285427032365,1,57.24736144075939,47.073328502581056,0.2358764332495841,3,78.53722253518485,12.529936692601026,40.75948696144044,0,1.5576091292724967,3.3669542606277743,ZoneA,35.06086233383592,-104.49048839236544,265.7595475174634,2.039826940553418,Urban,494.8636501614028,182.8967452104384,311.9669049509644,0
2021-01-04 02:00:00,2,0,0,0,3,1,1,271.1923297997365,0,Residential,66.64916000236744,235.11970455890145,1.1534223824775105,0.7926154093087731,R1,0,49.94674545198521,3.770428076262946,142.3653878801405,16.98586095073098,1.285636108097825,246.7931809220334,96.1501474199669,21.40959242883107,10.707369822620787,-18.58132667851456,0,27.16997971412173,61.88318338059082,489.7215872998134,35.88306126712418,5.276096742453148,0.0,2.409725361684876,cloudy,994.3962043352371,24.923439460378454,0.0251607389131979,1,74.48925276961266,5.684733646083476,10.60136789806335,3,95.9618825368697,39.014153309549314,30.482427947926816,0,0.2627469716405413,4.608786668305349,ZoneC,37.31134461723181,-68.07201898816317,64.56782141193393,3.605234740134696,Suburban,269.66128444881764,146.13581595640346,123.52546849241418,0
2021-01-04 02:30:00,2,0,0,0,0,1,1,627.9130717457781,0,Commercial,54.96939042718614,225.1425643685994,2.7889576256125874,0.7635958048648565,R1,0,49.804733493310096,109.59315846565045,0.0090134554512652,37.80334306688574,4.543146586910327,44.59509960134751,92.34556326511678,58.19385023661256,4.290373064830894,-25.515404724382424,0,24.80853990844468,12.860630273190884,72.57570321675006,60.182611580802416,0.0,0.0,15.0,sunny,1009.9292896913212,22.931708246630752,0.2448221382579675,1,75.16390294019469,22.497086912156878,17.314925224065018,5,61.047111854890815,39.38405543024676,67.049057058764,0,0.6386974725857076,9.44853260943572,ZoneA,33.01689024041756,-73.83578719312766,210.9913385643162,3.830541735756777,Urban,636.352026850375,109.6021719211017,526.7498549292733,0
2021-01-04 03:00:00,3,0,0,0,0,1,1,462.9063667131224,0,Commercial,51.69486188239652,225.428041222908,2.053455125644244,0.7352773934657779,R2,0,50.19198702585632,69.9538857853269,132.73110646947512,24.29440779697292,2.191362118540507,173.3577153511565,94.4851977792718,26.26171766578804,12.012009456846249,-41.79023015141019,0,33.326643069728895,8.68215458242076,5.794989039587612,77.26007074337397,0.0,6.955844478539122,6.189309253550047,sunny,1009.2527724793196,32.02301135956775,1.3470510676172822,1,76.18167202239388,0.3507639794644691,8.42914606731613,0,61.46891886798181,47.607090396333255,42.31534692964368,0,0.6889021018898646,3.6761407531589296,ZoneA,28.064987183168043,-85.50147212975628,60.9178642846124,1.5437825992395728,Urban,464.8855202357285,202.684992254802,262.2005279809265,0
2021-01-04 03:30:00,3,0,0,0,0,1,1,138.4080473116043,0,Residential,43.26756751361326,226.89951003474545,0.6099971185059399,0.74314757751362,R1,0,50.04319916205419,14.144349399886366,110.93231976499736,35.96812554970145,3.1141059929177963,237.50530658312863,95.49042520780998,9.57319584947649,87.55105124628658,-3.468457276609552,0,20.56901198612171,26.510972360137337,35.501026420827586,13.96656812497686,0.0,0.0,8.625510002365976,sunny,1006.5116585463304,19.818451176805645,0.8951621846710528,1,90.3698875031156,16.079694227677212,24.065501005962386,3,75.54004233567262,51.07233679461203,18.5300299449445,0,3.652535931610408,6.023171422997579,ZoneB,40.7842854280705,-117.95602825453302,151.89336541492844,0.0599733913902727,Suburban,119.32982099903288,125.07666916488373,-5.746848165850821,1
2021-01-04 04:00:00,4,0,0,0,2,1,1,284.023756091014,0,Residential,78.94424842210509,230.20129587229223,1.233806069660792,0.752077741659268,R1,0,49.849087586771056,28.014508236052272,5.312653316165488,26.69051996994275,0.7106214797643333,134.69983311793683,97.25376213925988,14.78489652166324,12.45136879735329,-0.8750648076160573,1,1.1447762900047709,1.9409942939734397,440.1281613417299,75.56087747291164,0.0,0.0,14.074009284573272,sunny,1002.734085614037,-0.4423899533121316,3.940150356932021,1,87.80607209087002,45.33525620235264,4.380635864517615,4,89.32202699666323,71.39692520478036,37.71304886024996,0,18.800900790761588,0.6938706633666007,ZoneA,25.19710302744088,-91.42738489038972,328.41564541320747,4.481442302992889,Urban,287.3301452336492,33.32716155221776,254.00298368143143,0
2021-01-04 04:30:00,4,0,0,0,0,1,1,518.4038107973229,0,Residential,53.29599238966923,236.57935010232285,2.1912470829474686,0.6599222581560121,R2,0,50.03087627552999,54.010466216752576,36.71410468313834,41.20080849772558,3.241301221536444,173.7923947020343,94.90520738211544,6.2807082612335,8.536706133633103,1.5609659514949903,0,2.802334126206542,7.779581538654018,712.9386067500125,53.712224964748,0.0,0.0,13.275976264832568,cloudy,1012.6489365434768,-0.7409353232019402,0.3200271340260072,1,97.59362190531564,6.94714414981971,7.053018631265385,0,67.29921646936336,44.441543771192336,50.58054675798339,0,1.8240672850345816,13.150112118961657,ZoneA,39.89961914126149,-103.53098021754018,175.2021163778332,0.2973642851244175,Urban,506.68610057139176,90.72457089989092,415.9615296715008,0
2021-01-04 05:00:00,5,0,0,0,0,1,1,226.27220472746285,0,Residential,88.1754944866588,226.17126551645237,1.000446295468967,0.6766086248077324,R2,0,50.038880663956654,35.374503597221626,48.85904344462288,16.241742568131,15.5882518197431,74.01371707136987,93.74044116336576,13.331594251003636,25.327771099494065,-14.08556332293858,1,-1.914107723121511,15.91862933612736,1036.0274350183035,96.28075369997782,0.0,0.0,7.284455209899977,sunny,997.040161049244,-3.771282182392592,1.4177099420812396,0,93.11571917182104,5.318919310987025,15.931817541744651,6,85.19224687543081,52.28109245980407,33.495815407621535,0,3.1143646275752044,13.277676228135247,ZoneA,29.823608263139423,-90.83184722788468,23.07320732426943,3.1235855467581763,Urban,220.15604749948287,84.2335470418445,135.92250045763842,0
2021-01-04 05:30:00,5,0,0,0,1,1,1,252.2723329870296,0,Residential,18.966534696238227,236.17670394999712,1.0681507903524652,0.8411272936808166,R2,1,49.85046151935295,75.42193909776225,158.8943523067248,47.12769274694307,0.438048817109456,119.9452521547542,95.419564567697,47.56756489792837,16.47563356832708,-5.265357033895526,0,8.776133316480571,22.3058712378131,161.48826185040937,54.72544473975803,0.0,0.0,10.342627687255344,snowy,1022.6134824799724,5.976738491937298,0.1002805661142663,2,97.9030487586172,12.422000213930422,1.784733586105988,2,69.28515582010559,44.66565667231337,79.52731249858543,0,4.232548332462794,2.7675755290182567,ZoneA,38.2784148623801,-103.72732561463836,513.2813053325452,0.6562458952320942,Urban,249.19531508536687,234.31629140448703,14.879023680879811,0
2021-01-04 06:00:00,6,0,0,0,1,1,1,407.5144825452847,0,Residential,24.850405117318097,228.43654715240223,1.783928568458925,0.7579028199818527,R1,0,50.03459413243112,75.3813193436138,77.40288997588154,21.90194128100161,0.0144598145792367,109.25824957812966,93.11211090595896,40.49203361059461,5.519076291091938,-0.2847198822171301,0,23.311832802013708,21.117791419888825,231.58610402219688,60.77221200340721,2.152258072524549,0.0,14.976613929332352,sunny,1020.6916651619058,21.23507426047065,2.343253708611109,0,77.11239905253167,13.619050895267351,3.0365289870927183,3,63.61834118759317,50.80055933850138,83.15551845946099,0,0.2041698970283183,8.024265393505942,ZoneA,28.611543629048388,-107.4425117873997,234.23557286129247,2.0117823343741947,Urban,400.743386971432,152.78420931949535,247.9591776519366,0
2021-01-04 06:30:00,6,0,0,0,0,1,1,284.1661649387312,0,Industrial,69.75118404228972,230.4484277513837,1.2331009055323223,0.9108091776262908,R3,0,50.01419097736933,33.56528155755001,57.08994385599208,30.96782361303421,1.5938354713983212,157.9150612882368,92.82952010621416,21.469457693625987,8.023070710422394,-15.210731244635875,0,18.8823363574345,51.08748788251022,220.2830750785749,39.13098358894802,0.0,0.0,9.211041037145138,sunny,1001.9378789398152,14.96342632472238,1.385003095586176,1,42.42853689522397,34.06723364080038,0.937423899526588,2,85.45718234007242,43.74623103817501,62.09176192987431,0,1.8500852771600025,8.353707357585368,ZoneB,37.33533254238165,-87.4917606602999,156.410361616333,4.397882181684955,Suburban,319.31333516822133,90.65522541354208,228.65810975467923,0
2021-01-04 07:00:00,7,0,0,0,2,1,1,255.34807352911915,0,Industrial,89.97234813155632,226.6296503772068,1.126719619891364,0.9536043673694428,R1,0,50.00868554976864,9.12619510875916,6.1540873358055626,34.39917122138921,1.4054384521805374,60.75290440059997,94.37589333795135,32.07783884621517,12.48672292294678,11.964216061372388,0,21.128599898819623,7.258744425540822,346.6797904840754,66.94344022221289,0.0,0.0,10.959132690220551,cloudy,1027.051940744332,18.385826912520056,1.980455348869719,0,78.32234983128797,31.04540311804673,4.053421742470574,3,82.28677534773466,51.52869029895487,57.06162638263152,0,2.1172338628672938,10.173078805872263,ZoneA,28.58902308979247,-75.11605881166992,319.1013361014893,0.473519759619344,Suburban,257.41015430570417,15.280282444564724,242.12987186113943,0
2021-01-04 07:30:00,7,0,0,0,0,1,1,280.0432366836852,0,Industrial,42.90062365141665,227.8328792877928,1.2291607671337972,0.9428969208380794,R3,0,50.09176649815672,69.75534860117669,23.552026629715733,28.39571668057024,0.5891246652518335,264.577497077828,91.73591147229524,1.8159502792025368,15.79785711637254,-16.930427230731574,0,7.386687688101929,11.906068135935405,909.1383897750716,51.2968969509034,0.0,0.0,8.751337825734192,stormy,1019.9291990782708,3.171758991736837,0.1273189244057356,0,91.49221912202972,11.282333312418832,4.567500131229844,4,44.578079064593474,14.072653669606254,57.99952582296141,0,0.7388436490522126,12.872245533273734,ZoneA,35.518859711308224,-121.09996845233498,22.06514724926845,0.4297762264187934,Urban,278.49798810304486,93.30737523089245,185.19061287215243,0
2021-01-04 08:00:00,8,0,0,0,0,1,1,167.51643176146382,0,Residential,62.2844840658246,228.99924967445,0.7315151992838781,0.9014540126438724,R2,0,49.93706762056728,64.83532225269703,17.937497417050206,33.56851061682758,1.5307639955165435,69.68800359877602,92.20526804320602,32.52828022085377,5.315652295607712,15.778317180993389,0,18.18446561208056,22.382490928500022,310.7812126163348,40.32012964424301,0.0,0.0,10.138543286332578,sunny,994.618220849087,14.986016765001963,4.427369258000928,2,86.49080374956898,10.635625238809912,17.409060637061835,3,68.30304394497526,63.42449219388847,77.12856624362402,0,3.609748558090167,4.3555249530418845,ZoneB,30.713732107569367,-73.82257257979687,35.67403183065725,3.793080817994167,Urban,151.2722440420032,82.77281966974724,68.49942437225596,0
2021-01-04 08:30:00,8,0,0,0,0,1,1,1102.1709331610416,1,Commercial,37.353217016394325,228.41546903357064,4.825290238985756,0.7286462200314032,R1,0,50.10866504274234,31.912729355274337,172.595800902791,37.8866022955835,11.056835353334522,41.421542368778745,94.77252223710973,12.217750252506889,2.9286026427816254,-3.785368550232624,0,23.05818448340155,31.83413782639761,74.3762623461129,75.12899277051854,0.0,0.0,7.114940280749993,sunny,1022.2557815066464,18.192622533817293,0.0407654314278467,1,51.17965280241775,30.798056404806463,38.51013197696712,3,94.51123075848224,56.26900381379653,53.14496680734667,0,1.8050438746661592,3.3271135499617395,ZoneA,43.1880070168222,-73.41642623594711,316.90196093278456,5.938764348926126,Urban,1113.163597698771,204.50853025806532,908.6550674407056,0
2021-01-04 09:00:00,9,0,0,0,0,1,1,384.4753651659088,0,Residential,75.38685573530509,229.61967328441492,1.6744008022765722,0.8390196895188445,R1,0,49.98438973289217,1.2918309591589343,64.68932327124062,32.18521909658279,10.859138996677476,76.32470177139093,90.84825143899434,16.91022177276786,9.09353894343568,16.442227157510803,0,7.331425152041701,27.30619339401212,93.16675085529378,67.17644445447269,0.0,0.0,11.025993845113916,sunny,1012.9795578581108,4.449472423324809,0.3670891388961742,0,84.08413926618556,52.04487058072424,8.513219225840965,3,93.92809795782436,4.536652116712688,55.13067182015815,0,0.349374472665962,2.2641230673014787,ZoneA,41.9050768127163,-89.02837412287022,440.2900683638404,1.9984878281340803,Urban,402.7426703375724,65.98115423039955,336.7615161071728,0
2021-01-04 09:30:00,9,0,0,0,2,1,1,382.45734291558233,0,Commercial,52.58366635403873,230.51083062211296,1.659172984988989,0.8567781482497366,R2,0,50.16059725100973,85.56603005872357,352.2907960137201,42.458223690212286,0.7724706725615044,287.8370237041294,89.96917735643224,20.43018004345608,6.386808244578688,-19.69739492073877,0,28.649534691638173,22.575903214683457,289.4715370758477,54.50791570854292,12.601328948665756,0.0,10.725133656491767,sunny,1016.4211292682496,26.642456360909826,0.5954910046304156,2,81.81447746088392,6.873799007044807,11.65676319414401,5,73.75722470739788,37.9735146789783,62.57403914375831,0,6.122067448539326,0.0294964131314881,ZoneC,25.143104138560933,-118.1075606689056,469.13205612625626,1.721232727272127,Urban,407.72668661053217,437.8568260724437,-30.13013946191154,1
2021-01-04 10:00:00,10,0,0,0,1,1,1,236.3844556532149,0,Residential,39.0553750104783,236.26249016527012,1.0005162287414284,0.91347659372232,R1,0,50.13960838985652,26.606575615732712,0.0390371505723522,37.09817140340935,0.843572075757296,242.6000310622884,94.4414765846982,1.6400565761198342,3.3356669540677224,15.235931745365846,0,13.128891905787754,44.67026073688075,16.34629435175113,75.24500946633785,0.0,0.0,7.595911619722875,cloudy,1024.505441742819,10.50855557884409,0.7048795524413882,0,97.78921043938456,25.38283097133278,4.420289977278284,2,60.95048579868006,46.46043717144276,83.32817247445409,0,3.163914385305398,0.1697421083148764,ZoneA,33.27094282437965,-85.28180960090259,225.0516930021937,4.472848546445426,Suburban,208.37928922787955,26.645612766305064,181.73367646157448,0
2021-01-04 10:30:00,10,0,0,0,1,1,1,678.9308269806411,0,Residential,79.91632961119132,233.84724401005607,2.903309080484375,0.851479348706178,R1,1,49.97922842421841,129.9545345244558,301.8550706967921,26.183925002168728,11.13064453077947,286.4654163435227,95.46402489803252,15.24167984418062,9.55168449647306,-15.515191840179954,0,24.86851480479035,20.805925334727277,426.3217550736549,50.32361386143429,0.0,0.0,9.663259393285893,rainy,991.6853563619642,25.34689639190336,0.0541911189761396,0,75.19010005812592,6.583392107357314,9.833412529780336,1,68.67959654606963,68.57249564691998,79.7642520512168,0,4.420152917974956,3.2292320832338866,ZoneA,33.631559293731726,-69.84731096984378,72.57375203387649,2.147662636828739,Suburban,715.553647617063,431.8096052212479,283.7440423958151,0
2021-01-04 11:00:00,11,0,0,0,2,1,1,87.34818574999638,0,Commercial,76.72821104616779,238.37549275376932,0.3664310652950508,0.4871724503502357,R3,0,49.67798145649086,67.63199889621606,98.40448282992604,31.244796689580507,7.515024512590988,160.5947006899543,92.7544236171484,5.112872792989117,16.449503606033787,6.592689569474203,1,22.642350036479677,3.30338846239994,390.7837403877252,67.85847412976209,0.4162744007572233,0.0,1.2257221371472156,rainy,1004.7033511457436,22.16068506271887,3.7525651243387648,1,59.44308905658414,4.9729857846530665,7.948853306807672,6,73.4091880326097,48.13721509934754,48.9179645599283,0,1.9527273679000376,4.220637706206308,ZoneA,30.86925997654718,-73.11364817616449,26.56511615192591,6.560318054153539,Suburban,99.91395869912128,166.03648172614209,-66.1225230270208,1
2021-01-04 11:30:00,11,0,0,0,0,1,1,350.17699417094497,0,Residential,53.72637897882754,225.2819707607373,1.554394224218029,0.809627590844737,R1,0,50.25875641772823,31.05165156695229,284.71332912346696,18.629103266492884,4.291914220252475,104.189269186453,91.97020325768275,25.730731015323467,3.958764055783989,-4.467684651325999,1,30.078567359920587,24.39721355821668,109.44682834508404,63.09609045247433,0.0,0.0,12.86775872752693,sunny,1007.390466484286,26.98087663638411,0.8278786489629555,2,74.60635668929758,33.45211786874845,14.344595247557294,0,82.54429330743851,48.71117123922617,43.591935741354725,0,6.296936535685205,12.711522197975087,ZoneA,41.26675523648595,-84.67173476495111,333.4688747542334,6.699721168086018,Urban,354.80562426651346,315.76498069041924,39.04064357609423,0
2021-01-04 12:00:00,12,0,0,0,0,1,1,136.4777878425353,0,Residential,85.7983045539365,234.83858980257784,0.5811557119179958,0.8833996960711333,R1,0,49.72865581229768,14.044979864240444,27.771282467511323,36.79291891609041,4.640113459881162,288.2802061760682,89.00435137081938,18.873609060709686,26.418040644691292,-6.370572993491889,0,19.187765826849247,13.939687493853867,15.10424974071634,27.36560388584916,0.0,0.0,10.636291161614068,cloudy,1014.0981258216518,17.75853517298391,2.8512935633302305,2,88.14284675194149,1.677421218689283,7.270063067056018,0,67.79330550765019,78.85375407953745,51.62679847099121,0,1.6874676063716736,4.913741598329753,ZoneA,32.44288440298546,-117.95703869252355,25.55586944158879,4.6162023926769145,Urban,150.5807083410552,41.816262331751766,108.76444600930344,0
2021-01-04 12:30:00,12,0,0,0,2,1,1,134.69295303947413,0,Residential,64.66415829275871,224.06919408903508,0.6011221381282479,0.7655385573392858,R2,0,49.82629451123323,10.941651793353245,61.10257488812943,40.1185636172263,4.087151503042975,24.036391073445937,92.31255414010629,15.837672441227934,34.9670842968866,13.165266626572183,1,11.66619110610762,31.25845080840409,59.64532755932191,68.49971030800083,0.0,0.0,9.74364052692463,snowy,999.9727441379808,6.553393948565777,7.377045148278269,0,60.50309928726123,5.283024440132968,0.6132185710976528,1,43.09626920608215,87.32162646473853,93.97785525264494,0,8.262355758891584,0.9424043166979088,ZoneC,30.53429316864463,-89.27941709333753,340.28830139415646,6.087923286266638,Urban,147.22097498610438,72.04422668148267,75.17674830462171,0
2021-01-04 13:00:00,13,0,0,0,3,1,1,492.8646191227932,0,Residential,58.5087649815686,241.88626426347085,2.037588288130111,0.8061537718533732,R1,0,49.691898466185,6.719018982814798,108.563108645183,26.116297542822004,8.480454834669745,32.31053139399944,93.67167904402667,33.99931370469544,2.030542557623121,34.20652408114289,0,23.124339639019965,41.42769529075592,771.2836820425883,72.08904427375691,0.0,0.0,11.000158838358136,sunny,1018.3855543406156,19.70962597708755,1.8261783608867288,1,97.75833226559652,0.3692399582237015,19.848577836839905,2,92.95689552591338,41.95544507675527,65.81972635099453,0,0.0829252818353113,1.9084806383864856,ZoneA,27.947490036160247,-71.53176458236237,50.36808918983138,0.0932474304214925,Urban,481.01384793059,115.2821276279978,365.7317203025922,0
2021-01-04 13:30:00,13,0,0,0,0,1,1,117.2908736016918,0,Industrial,71.00211129680456,228.1272370828302,0.5141467327687178,0.9204003977271962,R4,0,49.730816430033855,156.19286246407634,0.3938912833523916,46.6139066455542,1.2417829511019556,337.59577118216106,94.3934916989203,41.44373334802269,32.774896837898034,7.727518460876903,0,18.583684537320583,10.560103974184829,306.9706635778328,65.50048775008266,0.0,0.0,10.297836624853714,cloudy,991.7616189858496,17.991423963613947,2.1533714761276563,1,55.666986381455686,16.674013594961732,0.9740923979776196,1,80.5202696113036,36.44340728653664,66.05731190281983,0,2.4263309123571144,1.0271425988327945,ZoneA,30.826739314255008,-103.2205110037478,42.43763202305718,0.2552842540258367,Urban,164.38589096929115,156.58675374742873,7.799137221862423,0
2021-01-04 14:00:00,14,0,0,0,3,1,1,349.64966419584186,0,Residential,17.269182426638494,235.6218234895516,1.4839443096464566,0.933813756120862,R4,0,50.03035658508947,12.758470709198482,4.093723729343594,50.67162132213252,4.806106302004455,86.85062756819572,96.16788102337588,7.266790884204289,2.3730541187642,19.960907753798807,0,14.576412279596571,27.961223843514627,26.29211725898993,83.15160418139507,0.0,0.0,7.577101579647444,sunny,1004.9733443826432,11.58541978579175,2.65601809558628,0,78.21011245145664,24.634418807109878,8.952612416804149,3,73.55629454987859,59.8898166549308,37.40303891617865,0,5.5673634174338185,14.06083677151219,ZoneB,34.84933649038318,-117.28487088354689,442.8196807765925,0.7900100233195863,Urban,346.86798482636624,16.852194438542078,330.0157903878241,0
2021-01-04 14:30:00,14,0,0,0,2,1,1,555.0749242037319,0,Residential,50.14231641551861,234.87813835615788,2.3632464395730315,0.8246586749772321,R3,0,49.85721177451225,57.08745793183486,184.024484534885,38.48844261802128,1.2285733847368872,20.14364898514413,94.67738355189684,20.814586741189725,11.397137218965227,31.16259452374386,0,7.283365547661308,27.674859060918926,348.2880447838596,17.03314241408712,0.0,0.0,6.018590162197775,snowy,1004.0485680236,3.75346599041877,1.6489409683202934,0,70.19218335409398,5.093734677149612,14.990872691490347,0,95.33874101369864,68.82232408395777,36.11968309266626,0,15.94313867236901,15.397117728369228,ZoneA,29.319992295294657,-108.70834431894248,28.389085849235187,2.1401510608002656,Rural,577.2280574487827,241.11194246671988,336.1161149820628,0
2021-01-04 15:00:00,15,0,0,0,1,1,1,606.1313042269088,0,Residential,79.27674169735823,234.97764109246071,2.5795275729591816,0.681128005775473,R1,0,50.57936235169952,33.06037448420002,1.332967877630478,35.473549917962266,0.8129055142199615,197.39671060423404,90.60828108191528,26.61004628574019,7.855991408475665,7.453273486148698,0,14.97856698215034,34.06880546398426,408.1605441646654,72.67532053718799,0.0,0.0,14.108304747898975,sunny,1015.3905593029658,10.683880293615434,0.1979433716473383,0,56.80715798948594,10.789253390898663,12.591278480927215,4,58.23082913301189,35.207567021540015,55.723116703987,0,0.657809587430135,0.4320125052970064,ZoneA,36.51294109470651,-83.9689788420082,192.46376028128685,0.0925062633509706,Rural,570.6865522589195,34.3933423618305,536.293209897089,0
2021-01-04 15:30:00,15,0,0,0,2,1,1,997.5964966676064,1,Residential,55.58972710090233,232.88147000206064,4.283709204767469,0.8890456203653764,R2,0,49.98240494774318,214.9706113658368,146.3905443304563,34.275820738420904,3.3244410950309207,317.59663457270096,95.91139174275143,28.452114053013467,46.34072991120009,-2.3536201334736484,1,33.49132957541456,29.14416416869237,68.40703380316954,69.82035766878056,0.0,0.0,10.933948700085276,cloudy,994.2556613578976,31.05190328268356,0.7268016769366197,1,31.58468590196046,96.6126586277991,2.9719721181119434,4,81.01948232922285,51.94806119043464,90.04218440574617,0,3.924669402573845,3.560494015299962,ZoneC,35.740190471597074,-95.99598534967808,33.41047295007347,1.8148141385522052,Urban,998.164090326591,361.3611556962931,636.8029346302978,0
2021-01-04 16:00:00,16,0,0,0,0,1,1,670.8360585633078,0,Industrial,100.0,231.8635954863317,2.8932358146014057,0.7241536830872863,R1,0,49.99819590199069,24.02880625437465,52.78404032468451,25.344628053846808,3.909823257415873,96.69109409285244,94.2776062248913,27.101083245576525,28.96186588921144,1.723863512754929,0,17.41183408165018,29.63672889342304,86.64474593829624,46.81636242034135,0.0,0.0,11.635949031864351,cloudy,1000.6015915660456,15.84563132184542,0.0852025370430695,1,76.28290613395583,3.172149847445076,6.977487609283588,1,74.14702041192865,53.65544459325623,42.66508356936232,0,11.14221088968801,7.46209059558039,ZoneA,42.49915106658106,-94.94080618530828,13.162232109533525,5.604472412144658,Urban,730.348564491156,76.81284657905917,653.5357179120969,0
2021-01-04 16:30:00,16,0,0,0,2,1,1,111.9495008940084,0,Commercial,46.91653930866897,226.52670420033536,0.4942000162373909,0.8081225558418149,R1,0,50.372538309581074,242.6157841049813,107.0077935064932,26.622439055390927,4.153903991935282,50.71043655781226,93.61238668614656,44.91665003044841,3.612689828997181,-48.08737652627907,1,27.466163254659897,27.78547256434277,116.96745949542488,8.149978114260719,0.0728185244569224,0.0,15.0,sunny,1022.2368272708588,25.578783856408364,0.9088979869819652,0,86.80196537381332,11.475378301239903,7.653890495197934,0,70.89753858508989,86.99496358682987,39.27128089197576,0,7.239355578376366,21.62592027774359,ZoneA,29.87540360529698,-68.30714386197954,242.80760335069428,10.498255381470864,Suburban,124.56296363293686,349.6235776114745,-225.06061397853765,1
2021-01-04 17:00:00,17,0,0,0,0,1,1,615.1397319984737,0,Residential,43.22644976772289,229.29572954555732,2.682735231125425,0.7999530009396232,R1,0,49.79668177066277,88.89384724832165,33.41086589686891,-0.8670040593371482,2.143809952229999,99.21300981157576,92.28423460580969,39.85836332864509,8.932686189987768,-7.429384754883831,0,39.46942843737134,17.81071326958368,106.9374156376444,87.15237108947679,0.0,0.0,13.634709586678554,cloudy,1012.1383625184484,35.63859154731151,2.1273948547216026,0,65.73993846940425,10.722423083621944,16.530158388911495,3,81.32670486951156,24.272472781349084,86.94363022731139,0,0.6954810979303337,0.1249420145279145,ZoneB,44.90958658982536,-93.17556604127968,432.5165128883491,5.859068676584247,Urban,607.4057913266796,122.30471314519056,485.101078181489,0
2021-01-04 17:30:00,17,0,0,0,2,1,1,505.3494425767018,0,Commercial,68.18190109634192,227.876668352274,2.217644510211477,0.8576654134525061,R1,0,49.958606517062,1.9472840254956751,105.79396713784892,31.30808545941144,24.590143534497315,252.11044733091637,95.26860106081888,24.817817067709687,2.6812921209884744,35.63605905706159,0,15.259008493644815,18.346327915265,195.41786185009403,51.09999864994296,0.0,0.0,7.10559304098841,sunny,1019.6799973671448,11.508974070442946,0.6808991234571977,0,87.80620749626786,30.256257137655744,0.3814719724781643,6,56.13972425318633,56.87849055571297,64.99276671524858,0,4.240927360400785,3.3114019795415373,ZoneB,32.12950998265655,-117.54519468613368,171.34135405172964,13.782232589846572,Suburban,497.7160266443839,107.7412511633446,389.9747754810393,0
2021-01-04 18:00:00,18,0,0,0,2,1,1,324.88119515561306,0,Industrial,58.53370989231407,223.19898845978025,1.4555675068131215,0.6481731437069215,R1,0,50.07531598289112,19.38882123291986,228.12766238524645,30.433703501062936,0.4391137848006382,144.61209646995812,93.12208543400466,23.396729769946106,24.096758190683214,-21.969420269311467,0,-12.172843140395514,3.652504994251277,161.27546364680987,55.41319557595064,0.0,0.6032883484690931,11.18547024244773,sunny,997.807879319455,-14.708080101744212,2.343980916296096,2,19.94768841450822,6.518589580300884,16.92338010706935,5,73.59608737360413,31.099568107367105,69.86346558650067,0,1.520891297229732,0.7685348522133044,ZoneA,28.464968122522777,-65.84459822022195,17.8891528401206,1.529434911007033,Urban,333.72111796160885,247.51648361816632,86.20463434344254,0
2021-01-04 18:30:00,18,0,0,0,0,1,1,276.0584866067937,0,Residential,50.75470355847965,233.4390454787936,1.1825720330572198,0.6083142598416131,R2,0,49.9124897581932,10.411340049397328,49.03899366502622,28.734113014216327,1.3778019916788835,317.08086231195585,91.90984747969702,39.39016918947114,0.2285786317425337,-8.135772226694929,0,21.138884008172663,60.74451776216021,67.73417436131301,28.476370222826823,0.0,0.0,8.719216712886706,cloudy,1019.6387955155308,20.80567558200852,0.0965833509643932,0,92.56037938387844,7.003821242117926,14.45095696250217,2,59.7314580715218,30.450360894074585,26.316904888823668,0,6.256496716664106,1.9503340196759549,ZoneB,40.44007563646686,-69.5523009579389,28.812322460200573,1.919966535454648,Urban,259.1405190983957,59.45033371442355,199.69018538397216,0
2021-01-04 19:00:00,19,0,0,0,0,1,1,305.0283291033492,0,Residential,44.7825632201516,224.96992476511917,1.3558626977442223,0.8912914326389533,R4,0,49.80434554303828,90.60615735267632,11.018203091325276,29.833304171061545,5.389080860950289,89.6570045072076,92.60717712434408,24.790212117821355,12.928836584625902,27.51849721888277,0,13.754133155380472,29.34952345537542,748.5827262772307,58.98491770131752,0.0,0.0,9.877472569006152,sunny,1004.1008688413508,13.6178562719139,0.2572385707932405,1,99.56492426223996,8.020775382904612,9.64192585232614,5,92.52829238474582,39.15918823991648,48.31388242648367,1,5.178970509559793,4.2175142133262336,ZoneC,38.34382090522183,-75.38942889033453,189.2599067372929,3.149199211524745,Urban,314.03568333018035,101.6243604440016,212.4113228861788,0
2021-01-04 19:30:00,19,0,0,0,2,1,1,353.4808625820867,0,Industrial,66.78807941546697,233.8524895534252,1.5115548406480894,0.7552269120633803,R1,0,49.612505532894886,13.74157600324114,28.089398743770417,29.432376541953698,4.023096869241685,158.65020081588025,91.18897805828684,25.95167852401356,2.58205531401544,8.025255213858376,0,11.247928289370089,4.948267550868411,40.246598577868575,51.65459188237362,0.0,0.0,12.13136872713294,sunny,1021.8371030515232,9.560226514178977,0.374408730982795,0,57.27913197097847,30.582402628247557,8.902462317037159,4,84.38518066216116,40.705300899571725,75.12469081927634,0,13.21940736248721,12.444148528981248,ZoneB,41.66351485950025,-74.07672100972378,250.65546108313652,9.056883722450255,Rural,367.20182174744633,41.83097474701156,325.3708470004348,0
2021-01-04 20:00:00,20,0,0,0,0,1,1,231.2127956430268,0,Commercial,93.916767392032,231.20590867874756,1.000029787146525,0.8714643985357734,R1,0,49.991505846314446,17.674739662441468,333.91918083872895,31.92435973952776,2.2325821288223957,312.22890579753584,92.07036878391878,11.033534705980898,16.340724199188493,19.90217270852282,0,25.68329263428261,34.90484192409061,607.8190074431669,30.784025747973665,0.0,0.0,8.20163695537465,cloudy,1003.7459134788464,23.828249315529423,1.3996678990402784,0,50.63294438621833,5.3815325572845305,6.031829175874792,3,75.69637313223174,51.61153728262876,52.0659647404466,0,2.042174815082748,9.170102812194138,ZoneB,28.5754641702905,-109.55852798232372,21.260561553516084,3.880053680533805,Urban,194.61467442155757,351.59392050117043,-156.9792460796129,1
2021-01-04 20:30:00,20,0,0,0,2,1,1,247.68249020098852,0,Residential,20.215217217671626,233.43880446584703,1.0610167866809197,0.7758407770246812,R3,0,50.01111939299254,16.046250753245975,112.76196005248244,50.0855326028787,13.282493038142151,59.8524360850415,90.16295675531724,7.948880951980586,18.48319141241758,-2.8255638705980424,1,26.073635833162548,36.98487006938924,853.8505800176962,47.26837134613681,0.0,0.0,5.2399822523114175,snowy,1013.0742792037069,25.980620033188064,2.2807324302089604,0,51.82739852748311,14.098292367763092,1.589237508722809,1,72.34779870349249,32.96877115935381,51.492902307247576,0,3.743845115665933,10.62538459313766,ZoneC,41.75455313393503,-116.40113209786271,113.61039046307856,1.42797045789862,Urban,252.3049251368679,128.80821080572844,123.49671433113944,0
2021-01-04 21:00:00,21,0,0,0,3,1,1,92.21793602856916,0,Residential,54.17147226905367,231.51993253281933,0.398315320066434,0.8610679991245181,R2,0,50.10561756164687,48.67990542408728,11.415542324712298,45.40515031840799,1.0942910133188244,25.168666891003717,93.95003667791369,21.74921100519397,6.311240902780274,-40.10324075481248,0,3.787787112635765,45.19748656939683,252.3464692282116,8.743957085208692,0.0,0.0,8.709485235380132,rainy,1025.5767109725316,0.9567294430567514,1.451193492428019,1,46.66050780414967,6.02371810976376,6.129798161900682,6,58.21796833070992,50.34297229627758,8.795973626510492,0,7.578167411588646,4.60432136798626,ZoneB,40.36562223735905,-87.39466849197481,89.91930677123702,0.2068302064998817,Suburban,96.0160772639855,60.09544774879958,35.920629515185915,0
2021-01-04 21:30:00,21,0,0,0,0,1,1,121.19776815341795,0,Commercial,46.12902072148681,228.51453242783305,0.5303722562664295,0.8148719625097685,R2,0,49.81378910264918,115.700427004156,4.797136516138463,25.63670031275152,1.5448348382833843,118.24292555807652,94.84297234484696,13.872171955434432,1.835308288862868,16.076513983944984,0,10.879518229889928,16.562509781027025,312.5076859243141,41.76019447611467,0.0,4.236656809530948,9.549020431505976,stormy,1007.2666755462288,8.712312511980247,0.0985321600411245,1,99.76178934709888,0.1828870125690193,3.2753228328553243,4,68.16020072990277,50.22189941033123,31.37800411502229,0,4.650640445262192,8.121063954234915,ZoneA,33.49223580134624,-90.46065176260036,97.75640769611462,13.434899730157792,Rural,97.48897943327609,120.49756352029446,-23.008584087018377,1
2021-01-04 22:00:00,22,0,0,0,0,1,1,791.0614273177015,0,Residential,92.08467682107056,225.7829945255182,3.503635997831072,0.5071226210850088,R1,0,50.20891897504069,53.58592654790503,19.92250717919092,18.068432160102404,7.077279856096822,13.641546663270407,94.6283407632152,20.446516114081764,13.906234160880182,2.0436143192462457,0,28.74154412694673,13.245081665963182,784.1926992697306,44.09890110475075,0.0,0.0,14.046012211696237,cloudy,1012.3627641138328,28.557735483905663,0.7596233899154299,1,83.1703482961752,12.151788936023134,13.0423613721571,3,60.22496728717529,61.28288129986332,30.5575504012593,0,9.761926805784237,4.213097745710814,ZoneA,31.54997811573611,-108.79260597947888,155.54665764310033,5.6231060410912175,Urban,761.3511610535054,73.50843372709593,687.8427273264094,0
2021-01-04 22:30:00,22,0,0,0,0,1,1,361.7134224488151,0,Residential,52.26646657200187,230.54943805933303,1.5689191242171945,0.8862033000351873,R1,0,49.78181515956138,14.559044242042656,127.58317166022536,30.29023871690585,3.398153339652773,40.39751328176899,91.4207395727594,79.64714875607612,50.31138334255404,7.030009303890826,0,16.62490868956681,20.354013254332504,353.78364864270327,22.778072477548903,0.0,0.0,8.217500490772121,cloudy,1014.8120614884853,15.890392710410058,0.0396780216134501,0,63.62580714555418,7.368085303263698,0.4943541472617422,4,69.35469245624918,14.600936177065066,70.25693802204829,0,2.4697780385011243,2.8645526613942334,ZoneA,43.759345958111005,-99.76550777758018,660.2707612909136,6.465346799679148,Suburban,374.0765948202233,142.14221590226802,231.93437891795523,0
2021-01-04 23:00:00,23,0,0,0,0,1,1,468.6354984123535,0,Residential,70.35511483058596,228.7184187628679,2.0489626543729664,0.9090786299480088,R1,0,50.01255759637028,17.621522418868448,26.490299487096586,30.364042788485364,2.241324920075101,105.44981536321724,94.73762216532924,14.698357708877037,6.421990283479257,-24.876886748000707,1,10.852022730128404,30.254671866334093,179.57207808329656,93.54553671976907,12.601328948665756,0.0,12.81759793439858,cloudy,1003.2193471789858,9.131962633327232,2.3149964090213517,2,58.634990909377926,0.9082257339736278,6.466242844546995,4,60.429303397485526,64.73472003598985,89.10911417916994,0,3.501302510848898,1.6816725054196824,ZoneC,32.44889728701409,-119.12628831361069,238.7188412505992,4.853203369520333,Suburban,469.42459567800535,44.11182190596503,425.3127737720403,0
2021-01-04 23:30:00,23,0,0,0,2,1,1,119.56320594698047,0,Residential,66.49695403858158,240.1577471130615,0.4978527962734947,0.909320273273692,R2,0,50.19639018971125,44.13737212464451,51.55887438140642,22.81691913697056,4.490549263072006,324.3006830706559,88.96393478640513,28.286749576304786,12.816066675815229,-20.374316503526657,0,16.443101485647283,36.34487363531784,564.3230373974717,35.50876058788986,0.0,0.0,10.933946381190912,snowy,1017.64748414275,15.03977116285581,4.609638633242784,0,75.73543077572926,7.770650034660966,12.597843961856276,4,81.098842948045,61.98248571644952,46.37978192526806,0,3.7842708267622727,0.7603874805624697,ZoneA,43.160303209959366,-87.00682478479139,265.1023147332434,5.4680481694530965,Urban,124.73030042019072,95.69624650605093,29.03405391413979,0
2021-01-05 00:00:00,0,1,0,0,2,1,1,523.7048748647103,0,Commercial,99.6964163120881,238.7704355051835,2.1933405354673448,0.763974492093382,R1,0,49.99250893936088,57.91603850884072,4.781990834154702,40.61306282469124,1.4410116044533958,323.99834908593726,95.21371681594896,10.083402962166456,34.46922981926495,25.86569237296289,0,17.032382756495196,36.99706525967416,354.8986524885408,31.79917421152407,0.0,0.0,13.338953369070536,sunny,985.9014788359324,15.79832296295647,0.3131925211703267,1,88.83032623710226,9.599508612584511,0.6407158385324803,3,87.71573949877649,45.735474795483405,80.8395118194613,0,3.403609825663128,2.866874242149555,ZoneA,26.887398234662097,-88.8321288899892,9.93060288839778,8.555168282951168,Urban,519.4798304208429,62.69802934299542,456.7818010778474,0
2021-01-05 00:30:00,0,1,0,0,1,1,1,291.75086940703,0,Commercial,61.5414335757489,238.22392730492464,1.2246917121536298,0.6081932808695006,R3,0,49.71446283121559,71.06473213127265,114.960575876068,28.908915705897837,11.262580974759269,24.26317965169568,91.04827159026507,13.83443630444859,7.787694554457966,-35.41877100086279,0,40.79167206631782,37.444786605411146,432.0238150459567,65.52859309957832,0.0,0.0,14.580959570227844,cloudy,992.1698236909692,35.81215274069467,0.3691482765845145,1,80.97035632500025,12.066141124141437,3.736789027254004,5,64.59251170858307,15.601840008164425,83.83650127450558,0,0.4352319766175567,15.545633087646598,ZoneA,43.46512765280153,-80.58961803061833,234.3817343514889,1.9183420514476808,Urban,323.0343042311201,186.02530800734064,137.00899622377943,0
2021-01-05 01:00:00,1,1,0,0,1,1,1,305.99659280105413,0,Residential,10.0,224.86594417356395,1.360795623924577,0.8069212770807179,R1,0,50.08105881122575,33.27460766875071,11.752709901702644,53.88453756832749,10.295968620814516,177.59487424139687,92.3045618889831,4.205095202569879,28.51261255693054,31.72480882359771,0,23.727878446456057,19.95045851211524,509.5986455971813,17.602903424267012,0.0,4.236656809530948,8.205831955926648,sunny,999.100504315585,23.061908153365785,0.7675274109531345,1,74.01982485730426,36.44024206989644,5.568266158843588,3,86.06203100357911,55.34382698395237,45.87332435766552,0,14.008197456349796,4.278611864742135,ZoneA,40.77352088334983,-89.22581648104892,34.858335708513465,0.4137111929341328,Urban,338.3842637119577,45.02731757045336,293.35694614150435,0
2021-01-05 01:30:00,1,1,0,0,2,1,1,269.6465273217694,0,Residential,63.80327583301253,230.7886056315038,1.168370191344322,0.7225672923541336,R2,0,49.76880121056563,10.801790204595957,157.96562120931287,45.30959966376114,1.714916711870147,240.54214556641907,96.54633079996906,23.928068093908788,21.33780098369366,9.154188285692005,0,17.302082231196984,20.605251348862183,320.6191970226511,80.66378986042008,0.0,0.0,13.187291341579066,rainy,1012.6495486667632,15.09195473972669,0.6449980135391435,0,49.23534884680247,9.237667964320446,18.65012790835525,3,58.633001319169786,46.068703671922925,63.323558913197495,0,0.4469961124916235,9.258218706933864,ZoneA,41.2193272991799,-97.40640954060513,59.63966429591772,4.01262917046659,Rural,295.28872171994857,168.76741141390883,126.52131030603974,0
2021-01-05 02:00:00,2,1,0,0,2,1,1,1217.9736987643594,1,Commercial,54.89721904298893,230.4233081079946,5.2858094468182895,0.8448188971759699,R3,0,50.513325002676325,7.277807166705413,0.8445447857095184,23.76417081336254,14.732333428155368,101.80956245472102,93.42444884932311,22.88412745482272,5.308175323617322,-6.855162847990528,0,21.99880889708565,19.18954021414624,42.42056639029798,54.25407131206804,0.0,0.0,3.5187258491094155,rainy,1004.4104866843776,21.049845121952444,2.6569276427433177,0,47.04814214438993,0.0592515641298995,4.680210471058572,6,70.31399363576725,45.287486637657935,63.67076583691264,0,2.7682427918636607,0.7059561047816727,ZoneA,34.17016826311388,-104.22771443427771,91.90752915046065,1.500276517179412,Urban,1232.7422793933388,8.122351952414931,1224.619927440924,0
2021-01-05 02:30:00,2,1,0,0,0,1,1,744.7596632918129,0,Residential,77.16938145569927,230.6577793666374,3.228851267608864,0.9980128618443302,R2,0,49.89839248366972,11.488067300644788,51.42197567585244,38.81127820667224,3.746287274881415,183.8877855946457,94.11514895624808,39.29947797856934,16.19500653731461,-14.48310570957287,1,12.33764377694338,22.469164887417577,430.8888908754074,61.223475363747006,0.0,0.8235778136173985,10.037119648239322,sunny,1007.404090306789,9.563271811378115,1.0484109759672344,0,86.23900419230506,3.224177998573639,2.1445677436106387,4,80.47976995538224,45.58781687669126,85.80617033923369,0,0.2817171565666522,6.545209704927341,ZoneC,30.55992860682229,-113.4264001687954,113.75294312546689,1.563194526432544,Urban,743.4750542807918,62.91004297649722,680.5650113042946,0
2021-01-05 03:00:00,3,1,0,0,3,1,1,397.1881201668024,0,Residential,48.55993087652064,228.3125766020504,1.739668160545981,0.9088496626726668,R1,0,50.15679872004387,64.93783724821411,62.59457169910401,21.43584526282077,5.778496645213684,223.51254408448185,88.80790672646029,40.83577251298041,8.397708188796612,-30.317984673955785,0,5.47093220475691,36.00810748813384,299.81947354062635,56.338918159982086,0.0,0.0,8.997002981831415,sunny,1009.4699282005988,1.9891609421135923,0.1536021317012791,2,99.34871394036917,8.306952648251949,17.51585082148874,3,60.02536991828259,69.27321969617824,90.56581441594923,0,0.8073894546314098,0.6500298492128331,ZoneA,34.53746339887029,-110.65525399777738,36.05709588277225,2.62234705812042,Rural,352.83293442873537,127.53240894731812,225.30052548141725,0
2021-01-05 03:30:00,3,1,0,0,1,1,1,255.50345454199655,0,Commercial,92.42229445045302,232.20845572337552,1.1003193391302333,0.9097284586633828,R2,0,49.978035965173234,30.80244459860464,98.42344779092784,36.15795643004372,7.092164633591642,247.22239855160385,91.95320822276096,16.091125987482556,1.7314670216076369,10.161265429091486,0,2.850354926001032,41.699960011455566,363.6368392672053,47.75553559121837,0.0,0.0,8.793151990745137,rainy,1027.7637366493911,-0.2969584869554236,0.9561920711241324,0,61.9329617348683,7.178941103266238,0.4951582156812374,4,85.38531025709715,47.7526877177498,41.06604386577623,0,2.168505749291136,0.7976879505977579,ZoneA,30.61454544342562,-75.05249404348929,337.6959556699673,0.9305035833598296,Suburban,251.79594883749184,129.22589238953248,122.5700564479594,0
